dataset,hparams,warmup,decay,width,depth,val/loss,val/loss_std,train/loss,train/batch_time,train/data_time,train/lr,warmup_tokens,beta1,beta2,world_size,lr,seed,seq_len,vocab_size,grad_clip_norm,optimizer,precision,qk_norm,z_loss_coefficient,bs,independent_wd,max_step,ckpt_path,params_active,params_active_precise,params_no_embed,params_all,flops_per_token_att_no_embed,flops_per_token_att,flops_per_token_cc,flops_per_token_no_att,flops_per_token_no_att_no_embed,flops_per_token,params,eff_params_att,train/loss_smoothed,total_steps,D,current_steps,portion_steps_elapsed,last_train/loss_smoothed_C,last_train/loss_smoothed_D,last_train/loss_smoothed,N,C,loss,N_no_emb,C_no_emb,C_6ND
rw,base,short,chinchilla,160.0,5.0,"step
25    7.632954
Name: val/loss, dtype: float64","step
25    0.001436
Name: val/loss_std, dtype: float64","step
20    8.588084
Name: train/loss, dtype: float64","step
20    0.815965
Name: train/batch_time, dtype: float64","step
20    0.035169
Name: train/data_time, dtype: float64","step
20    0.000426
Name: train/lr, dtype: float64",2452480,0.9,0.95,4,0.003,0.0,2048.0,50432.0,True,adamw,amp_bfloat16,True,0.0001,256.0,0.0001,20,dataset=rw/hparams=base_warmup=short_decay=chinchilla/params=9M_maxstep=20,9605120.0,9809920.0,1740800.0,18001920.0,20275200.0,68689920.0,77661120.0,58859520.0,10444800.0,58859520.0,9809920.0,11448320.0,"5242880.0    8.588084
Name: _smoothed, dtype: float64",10.0,5242880.0,10.0,1.0,308593400217600.0,5242880.0,8.588083505630493,9809920,308593400217600.0,8.588083505630493,1740800.0,54760833024000.0,308593400217600.0
rw,base,short,chinchilla,128.0,4.0,"step
265    5.712266
529    5.491193
Name: val/loss, dtype: float64","step
265    0.001455
529    0.001419
Name: val/loss_std, dtype: float64","step
20     9.314652
40     7.481157
60     6.973650
80     6.691338
100    6.518205
120    6.369324
140    6.247602
160    6.128784
180    6.037778
189    5.978050
200    5.917760
220    5.865297
240    5.809078
260    5.758960
276    5.699340
280    5.692948
300    5.672180
320    5.630316
340    5.603015
360    5.576518
380    5.552540
396    5.528990
400    5.546833
420    5.524634
440    5.510754
460    5.495319
480    5.499320
500    5.489404
517    5.484358
520    5.492801
Name: train/loss, dtype: float64","step
20     0.758576
40     0.673393
60     0.672255
80     0.672293
100    0.672104
120    0.672321
140    0.677523
160    0.672237
180    0.672096
189    0.672773
200    0.707744
220    0.672652
240    0.672960
260    0.672804
276    0.679363
280    0.777118
300    0.673551
320    0.673272
340    0.672567
360    0.672464
380    0.673055
396    0.672443
400    0.781690
420    0.674145
440    0.673664
460    0.674156
480    0.674048
500    0.673967
517    0.674032
520    0.812191
Name: train/batch_time, dtype: float64","step
20     0.031689
40     0.014400
60     0.013124
80     0.013301
100    0.013126
120    0.013372
140    0.018714
160    0.013295
180    0.013152
189    0.013720
200    0.047809
220    0.012885
240    0.013328
260    0.013152
276    0.020022
280    0.116696
300    0.013924
320    0.013654
340    0.013498
360    0.013288
380    0.013602
396    0.013346
400    0.121121
420    0.014156
440    0.013960
460    0.014228
480    0.014258
500    0.014165
517    0.014214
520    0.151071
Name: train/data_time, dtype: float64","step
20     0.002999
40     0.002981
60     0.002942
80     0.002881
100    0.002800
120    0.002700
140    0.002583
160    0.002449
180    0.002302
189    0.002231
200    0.002142
220    0.001974
240    0.001799
260    0.001619
276    0.001474
280    0.001438
300    0.001258
320    0.001082
340    0.000912
360    0.000752
380    0.000602
396    0.000493
400    0.000467
420    0.000346
440    0.000244
460    0.000160
480    0.000096
500    0.000053
517    0.000034
520    0.000032
Name: train/lr, dtype: float64",7503872,0.9,0.95,4,0.003,0.0,2048.0,50432.0,True,adamw,amp_bfloat16,True,0.0001,256.0,0.0001,520,dataset=rw/hparams=base_warmup=short_decay=chinchilla/params=7M_maxstep=520,7241728.0,7503872.0,1048576.0,13959168.0,12582912.0,51314688.0,56328960.0,45023232.0,6291456.0,45023232.0,7503872.0,8552448.0,"5242880.0      9.314652
15728640.0     7.481157
26214400.0     6.973650
36700160.0     6.691338
47185920.0     6.518205
57671680.0     6.369324
68157440.0     6.247602
78643200.0     6.128784
89128960.0     6.037778
96731136.0     5.978050
101974016.0    5.917760
110100480.0    5.865297
120586240.0    5.809078
131072000.0    5.758960
140509184.0    5.699340
145752064.0    5.692948
152043520.0    5.672180
162529280.0    5.630316
173015040.0    5.603015
183500800.0    5.576518
193986560.0    5.552683
203423744.0    5.542788
208666624.0    5.533486
214958080.0    5.527407
225443840.0    5.510236
235929600.0    5.501798
246415360.0    5.494681
256901120.0    5.491027
266600448.0    5.488854
271450112.0    5.488579
Name: _smoothed, dtype: float64",517.75,271450112.0,517.75,1.0,1.2221561369001984e+16,271450112.0,5.488579291923372,7503872,1.2221561369001984e+16,5.488579291923372,1048576.0,1707816435843072.0,1.2221561369001984e+16
rw,base,short,chinchilla,128.0,4.0,"step
33    7.579809
Name: val/loss, dtype: float64","step
33    0.001476
Name: val/loss_std, dtype: float64","step
20    8.925325
Name: train/loss, dtype: float64","step
20    0.759813
Name: train/batch_time, dtype: float64","step
20    0.032411
Name: train/data_time, dtype: float64","step
20    0.001515
Name: train/lr, dtype: float64",3751936,0.9,0.95,4,0.003,0.0,2048.0,50432.0,True,adamw,amp_bfloat16,True,0.0001,256.0,0.0001,20,dataset=rw/hparams=base_warmup=short_decay=chinchilla/params=7M_maxstep=20,7241728.0,7503872.0,1048576.0,13959168.0,12582912.0,51314688.0,56328960.0,45023232.0,6291456.0,45023232.0,7503872.0,8552448.0,"5242880.0    8.925325
Name: _smoothed, dtype: float64",10.0,5242880.0,10.0,1.0,236051402588160.0,5242880.0,8.925324654579162,7503872,236051402588160.0,8.925324654579162,1048576.0,32985348833280.0,236051402588160.0
rw,base,short,chinchilla,96.0,3.0,"step
191    6.462952
Name: val/loss, dtype: float64","step
191    0.001712
Name: val/loss_std, dtype: float64","step
20     9.364089
40     7.633119
60     7.202620
80     6.877053
100    6.696931
120    6.591639
140    6.533267
160    6.489259
180    6.477992
189    6.484142
Name: train/loss, dtype: float64","step
20     0.729266
40     0.644673
60     0.643378
80     0.642127
100    0.642795
120    0.642718
140    0.642805
160    0.642125
180    0.642792
189    0.642273
Name: train/batch_time, dtype: float64","step
20     0.031811
40     0.015164
60     0.013816
80     0.013288
100    0.013578
120    0.013589
140    0.013666
160    0.013181
180    0.013624
189    0.013391
Name: train/data_time, dtype: float64","step
20     0.002973
40     0.002792
60     0.002461
80     0.002018
100    0.001515
120    0.001012
140    0.000569
160    0.000238
180    0.000057
189    0.000031
Name: train/lr, dtype: float64",5173248,0.9,0.95,4,0.003,0.0,2048.0,50432.0,True,adamw,amp_bfloat16,True,0.0001,256.0,0.0001,189,dataset=rw/hparams=base_warmup=short_decay=chinchilla/params=5M_maxstep=189,5173248.0,5173248.0,331776.0,10211328.0,5529600.0,34578432.0,38339136.0,31039488.0,1990656.0,31039488.0,5173248.0,5763072.0,"5242880.0     9.364089
15728640.0    7.633119
26214400.0    7.202620
36700160.0    6.877053
47185920.0    6.696931
57671680.0    6.591639
68157440.0    6.533267
78643200.0    6.489259
89128960.0    6.477992
96731136.0    6.484142
Name: _smoothed, dtype: float64",184.5,96731136.0,184.5,1.0,3002484935098368.0,96731136.0,6.484142091539169,5173248,3002484935098368.0,6.484142091539169,331776.0,192558416265216.0,3002484935098368.0
rw,base,short,chinchilla,128.0,4.0,"step
133    6.273508
264    6.016995
Name: val/loss, dtype: float64","step
133    0.001595
264    0.001534
Name: val/loss_std, dtype: float64","step
20     9.314667
40     7.481946
60     6.978072
80     6.699315
100    6.534658
120    6.399100
140    6.295783
160    6.201772
180    6.141292
189    6.111803
200    6.063877
220    6.046733
240    6.033984
260    6.028617
Name: train/loss, dtype: float64","step
20     0.759518
40     0.674072
60     0.672848
80     0.672904
100    0.673118
120    0.672710
140    0.679585
160    0.672828
180    0.673507
189    0.673303
200    0.712180
220    0.673071
240    0.673188
260    0.673359
Name: train/batch_time, dtype: float64","step
20     0.031936
40     0.014614
60     0.013692
80     0.013851
100    0.013902
120    0.013755
140    0.020609
160    0.013593
180    0.014045
189    0.013788
200    0.051629
220    0.013559
240    0.013594
260    0.013728
Name: train/data_time, dtype: float64","step
20     0.002996
40     0.002921
60     0.002759
80     0.002518
100    0.002214
120    0.001866
140    0.001496
160    0.001128
180    0.000783
189    0.000642
200    0.000485
220    0.000251
240    0.000097
260    0.000032
Name: train/lr, dtype: float64",7503872,0.9,0.95,4,0.003,0.0,2048.0,50432.0,True,adamw,amp_bfloat16,True,0.0001,256.0,0.0001,260,dataset=rw/hparams=base_warmup=short_decay=chinchilla/params=7M_maxstep=260,7241728.0,7503872.0,1048576.0,13959168.0,12582912.0,51314688.0,56328960.0,45023232.0,6291456.0,45023232.0,7503872.0,8552448.0,"5242880.0      9.314667
15728640.0     7.481946
26214400.0     6.978072
36700160.0     6.699315
47185920.0     6.534658
57671680.0     6.399100
68157440.0     6.295783
78643200.0     6.201772
89128960.0     6.141292
96731136.0     6.111803
101974016.0    6.063877
110100480.0    6.046733
120586240.0    6.033984
131072000.0    6.028617
Name: _smoothed, dtype: float64",250.0,131072000.0,250.0,1.0,5901285064704000.0,131072000.0,6.028616714477536,7503872,5901285064704000.0,6.028616714477536,1048576.0,824633720832000.0,5901285064704000.0
rw,base,short,chinchilla,160.0,5.0,"step
50    7.207607
Name: val/loss, dtype: float64","step
50    0.001528
Name: val/loss_std, dtype: float64","step
20    8.867827
40    7.415150
Name: train/loss, dtype: float64","step
20    0.831566
40    0.724706
Name: train/batch_time, dtype: float64","step
20    0.031888
40    0.014867
Name: train/data_time, dtype: float64","step
20    0.002503
40    0.000445
Name: train/lr, dtype: float64",4904960,0.9,0.95,4,0.003,0.0,2048.0,50432.0,True,adamw,amp_bfloat16,True,0.0001,256.0,0.0001,40,dataset=rw/hparams=base_warmup=short_decay=chinchilla/params=9M_maxstep=40,9605120.0,9809920.0,1740800.0,18001920.0,20275200.0,68689920.0,77661120.0,58859520.0,10444800.0,58859520.0,9809920.0,11448320.0,"5242880.0     8.867827
15728640.0    7.415150
Name: _smoothed, dtype: float64",30.0,15728640.0,30.0,1.0,925780200652800.0,15728640.0,7.415149641036988,9809920,925780200652800.0,7.415149641036988,1740800.0,164282499072000.0,925780200652800.0
rw,base,short,chinchilla,224.0,6.0,"step
128    6.198435
254    5.831709
Name: val/loss, dtype: float64","step
128    0.001621
254    0.001505
Name: val/loss_std, dtype: float64","step
20     9.238247
40     7.454822
60     6.919647
80     6.653259
100    6.479248
120    6.319136
140    6.190041
160    6.068856
180    5.985324
189    5.943207
200    5.889677
220    5.863945
240    5.848101
Name: train/loss, dtype: float64","step
20     0.880743
40     0.786928
60     0.785808
80     0.792747
100    0.786429
120    0.786116
140    0.794355
160    0.786358
180    0.786263
189    0.786125
200    0.823579
220    0.785620
240    0.785347
Name: train/batch_time, dtype: float64","step
20     0.031983
40     0.015819
60     0.014409
80     0.021357
100    0.015122
120    0.014916
140    0.022917
160    0.015184
180    0.015206
189    0.015138
200    0.051906
220    0.014356
240    0.014121
Name: train/data_time, dtype: float64","step
20     0.002172
40     0.002983
60     0.002863
80     0.002639
100    0.002328
120    0.001954
140    0.001546
160    0.001136
180    0.000755
189    0.000601
200    0.000432
220    0.000194
240    0.000058
Name: train/lr, dtype: float64",15597568,0.9,0.95,4,0.003,0.0,2048.0,50432.0,True,adamw,amp_bfloat16,True,0.0001,256.0,0.0001,240,dataset=rw/hparams=base_warmup=short_decay=chinchilla/params=15M_maxstep=240,14909440.0,15597568.0,4300800.0,26664960.0,42319872.0,110100480.0,122930496.0,93585408.0,25804800.0,93585408.0,15597568.0,18350080.0,"5242880.0      9.238247
15728640.0     7.454822
26214400.0     6.919647
36700160.0     6.653259
47185920.0     6.479248
57671680.0     6.319136
68157440.0     6.190041
78643200.0     6.068856
89128960.0     5.985324
96731136.0     5.943207
101974016.0    5.889677
110100480.0    5.863945
120586240.0    5.848101
Name: _smoothed, dtype: float64",230.0,120586240.0,230.0,1.0,1.128511246958592e+16,120586240.0,5.848101258277893,15597568,1.128511246958592e+16,5.848101258277893,4300800.0,3111703805952000.0,1.128511246958592e+16
rw,base,short,chinchilla,224.0,6.0,"step
31    7.4162
Name: val/loss, dtype: float64","step
31    0.001534
Name: val/loss_std, dtype: float64","step
20    8.528211
Name: train/loss, dtype: float64","step
20    0.870444
Name: train/batch_time, dtype: float64","step
20    0.031223
Name: train/data_time, dtype: float64","step
20    0.001321
Name: train/lr, dtype: float64",3899392,0.9,0.95,4,0.003,0.0,2048.0,50432.0,True,adamw,amp_bfloat16,True,0.0001,256.0,0.0001,20,dataset=rw/hparams=base_warmup=short_decay=chinchilla/params=15M_maxstep=20,14909440.0,15597568.0,4300800.0,26664960.0,42319872.0,110100480.0,122930496.0,93585408.0,25804800.0,93585408.0,15597568.0,18350080.0,"5242880.0    8.528211
Name: _smoothed, dtype: float64",10.0,5242880.0,10.0,1.0,490657063895040.0,5242880.0,8.528210973739624,15597568,490657063895040.0,8.528210973739624,4300800.0,135291469824000.0,490657063895040.0
rw,base,short,chinchilla,96.0,3.0,"step
47    7.582078
Name: val/loss, dtype: float64","step
47    0.001429
Name: val/loss_std, dtype: float64","step
20    9.368064
40    7.692364
Name: train/loss, dtype: float64","step
20    0.728394
40    0.642797
Name: train/batch_time, dtype: float64","step
20    0.031208
40    0.013758
Name: train/data_time, dtype: float64","step
20    0.002427
40    0.000272
Name: train/lr, dtype: float64",5173248,0.9,0.95,4,0.003,0.0,2048.0,50432.0,True,adamw,amp_bfloat16,True,0.0001,256.0,0.0001,40,dataset=rw/hparams=base_warmup=short_decay=chinchilla/params=5M_maxstep=40,5173248.0,5173248.0,331776.0,10211328.0,5529600.0,34578432.0,38339136.0,31039488.0,1990656.0,31039488.0,5173248.0,5763072.0,"5242880.0     9.368064
15728640.0    7.692364
Name: _smoothed, dtype: float64",30.0,15728640.0,30.0,1.0,488208932536320.0,15728640.0,7.69236421585083,5173248,488208932536320.0,7.69236421585083,331776.0,31310311587840.0,488208932536320.0
rw,base,short,chinchilla,128.0,4.0,"step
66    7.05984
Name: val/loss, dtype: float64","step
66    0.001587
Name: val/loss_std, dtype: float64","step
20    9.314737
40    7.504911
60    7.145856
Name: train/loss, dtype: float64","step
20    0.758835
40    0.674556
60    0.674304
Name: train/batch_time, dtype: float64","step
20    0.031337
40    0.014932
60    0.014472
Name: train/data_time, dtype: float64","step
20    0.002903
40    0.001515
60    0.000127
Name: train/lr, dtype: float64",7503872,0.9,0.95,4,0.003,0.0,2048.0,50432.0,True,adamw,amp_bfloat16,True,0.0001,256.0,0.0001,60,dataset=rw/hparams=base_warmup=short_decay=chinchilla/params=7M_maxstep=60,7241728.0,7503872.0,1048576.0,13959168.0,12582912.0,51314688.0,56328960.0,45023232.0,6291456.0,45023232.0,7503872.0,8552448.0,"5242880.0     9.314737
15728640.0    7.504911
26214400.0    7.145856
Name: _smoothed, dtype: float64",50.0,26214400.0,50.0,1.0,1180257012940800.0,26214400.0,7.145856118202211,7503872,1180257012940800.0,7.145856118202211,1048576.0,164926744166400.0,1180257012940800.0
rw,base,short,chinchilla,224.0,6.0,"step
510     4.970813
1018    4.628451
Name: val/loss, dtype: float64","step
510     0.001361
1018    0.001403
Name: val/loss_std, dtype: float64","step
20      9.238284
40      7.456970
60      6.928487
80      6.662480
100     6.479589
120     6.317801
140     6.169298
160     6.029783
180     5.913090
189     5.840472
200     5.790421
220     5.704098
240     5.627130
260     5.553019
276     5.470187
280     5.453805
300     5.418635
320     5.350237
340     5.307250
360     5.254183
380     5.204617
396     5.157582
400     5.169917
420     5.131245
440     5.092247
460     5.049846
480     5.027156
500     4.995563
517     4.960942
520     4.957731
540     4.938494
560     4.906018
580     4.883049
600     4.858423
620     4.836888
624     4.791159
640     4.790901
660     4.780923
676     4.760117
680     4.788810
700     4.740425
720     4.728860
740     4.708777
760     4.704420
780     4.690596
786     4.678804
800     4.670497
820     4.659727
840     4.662273
860     4.650932
880     4.647990
900     4.635781
920     4.637355
940     4.632922
960     4.627124
980     4.624696
1000    4.620060
1016    4.634990
Name: train/loss, dtype: float64","step
20      0.872470
40      0.788115
60      0.786776
80      0.794439
100     0.786491
120     0.786516
140     0.794066
160     0.786401
180     0.786196
189     0.786031
200     0.820100
220     0.785183
240     0.784987
260     0.791650
276     0.784955
280     0.888212
300     0.785510
320     0.785365
340     0.784907
360     0.785360
380     0.785026
396     0.785242
400     0.889495
420     0.785455
440     0.785306
460     0.785228
480     0.785199
500     0.785469
517     0.792604
520     0.925731
540     0.785424
560     0.785357
580     0.785301
600     0.785369
620     0.784915
624     0.785714
640     0.810276
660     0.785683
676     0.785144
680     0.888050
700     0.785056
720     0.785129
740     0.784992
760     0.784959
780     0.784966
786     0.785036
800     0.815471
820     0.785425
840     0.785209
860     0.785211
880     0.785400
900     0.784919
920     0.807109
940     0.785508
960     0.785509
980     0.785460
1000    0.785512
1016    0.785387
Name: train/batch_time, dtype: float64","step
20      0.032613
40      0.016117
60      0.014978
80      0.022631
100     0.014932
120     0.015081
140     0.022781
160     0.015006
180     0.014807
189     0.014839
200     0.048410
220     0.013517
240     0.013520
260     0.020332
276     0.013577
280     0.115385
300     0.013770
320     0.013921
340     0.013472
360     0.013790
380     0.013463
396     0.013697
400     0.117433
420     0.013863
440     0.013753
460     0.013662
480     0.013695
500     0.013881
517     0.021287
520     0.153008
540     0.013910
560     0.013747
580     0.013843
600     0.014026
620     0.013601
624     0.014492
640     0.038181
660     0.014293
676     0.013725
680     0.115972
700     0.014086
720     0.014034
740     0.014013
760     0.013819
780     0.013937
786     0.014155
800     0.042774
820     0.014083
840     0.013913
860     0.014003
880     0.014182
900     0.013683
920     0.035249
940     0.014017
960     0.013994
980     0.013986
1000    0.014075
1016    0.013681
Name: train/data_time, dtype: float64","step
20      0.002172
40      0.002999
60      0.002993
80      0.002981
100     0.002962
120     0.002938
140     0.002909
160     0.002873
180     0.002832
189     0.002812
200     0.002786
220     0.002735
240     0.002679
260     0.002618
276     0.002566
280     0.002552
300     0.002483
320     0.002409
340     0.002332
360     0.002252
380     0.002169
396     0.002100
400     0.002083
420     0.001994
440     0.001904
460     0.001813
480     0.001720
500     0.001626
517     0.001546
520     0.001532
540     0.001437
560     0.001343
580     0.001250
600     0.001158
620     0.001067
624     0.001049
640     0.000978
660     0.000891
676     0.000823
680     0.000807
700     0.000725
720     0.000647
740     0.000572
760     0.000501
780     0.000435
786     0.000415
800     0.000372
820     0.000314
840     0.000261
860     0.000213
880     0.000170
900     0.000133
920     0.000101
940     0.000075
960     0.000055
980     0.000041
1000    0.000032
1016    0.000030
Name: train/lr, dtype: float64",15597568,0.9,0.95,4,0.003,0.0,2048.0,50432.0,True,adamw,amp_bfloat16,True,0.0001,256.0,0.0001,1016,dataset=rw/hparams=base_warmup=short_decay=chinchilla/params=15M_maxstep=1016,14909440.0,15597568.0,4300800.0,26664960.0,42319872.0,110100480.0,122930496.0,93585408.0,25804800.0,93585408.0,15597568.0,18350080.0,"5242880.0      9.238284
15728640.0     7.456970
26214400.0     6.928487
36700160.0     6.662480
47185920.0     6.479589
57671680.0     6.317801
68157440.0     6.169298
78643200.0     6.029783
89128960.0     5.913090
96731136.0     5.840472
101974016.0    5.790421
110100480.0    5.704098
120586240.0    5.627130
131072000.0    5.553019
140509184.0    5.470187
145752064.0    5.453805
152043520.0    5.418635
162529280.0    5.350237
173015040.0    5.307250
183500800.0    5.254183
193986560.0    5.205461
203423744.0    5.177372
208666624.0    5.152914
214958080.0    5.131136
225443840.0    5.091113
235929600.0    5.056417
246415360.0    5.024188
256901120.0    4.994554
266600448.0    4.971412
271843328.0    4.952389
277872640.0    4.934081
288358400.0    4.909187
298844160.0    4.882497
309329920.0    4.859453
319815680.0    4.828823
326107136.0    4.806316
331350016.0    4.787661
340787200.0    4.777314
350224384.0    4.776616
355467264.0    4.763117
361758720.0    4.745398
372244480.0    4.734258
382730240.0    4.714615
393216000.0    4.702291
403701760.0    4.690619
410517504.0    4.680809
415760384.0    4.672379
424673280.0    4.664447
435159040.0    4.658284
445644800.0    4.651341
456130560.0    4.646866
466616320.0    4.640996
477102080.0    4.636234
487587840.0    4.631576
498073600.0    4.628431
508559360.0    4.627958
516423680.0    4.626717
521666560.0    4.626582
Name: _smoothed, dtype: float64",995.0,521666560.0,995.0,1.0,4.882037785755648e+16,521666560.0,4.626581706603379,15597568,4.882037785755648e+16,4.626581706603379,4300800.0,1.3461501247488e+16,4.882037785755648e+16
rw,base,short,chinchilla,224.0,6.0,"step
255    5.543002
509    5.222609
Name: val/loss, dtype: float64","step
255    0.001432
509    0.001412
Name: val/loss_std, dtype: float64","step
20     9.238289
40     7.454723
60     6.919345
80     6.648807
100    6.478033
120    6.308792
140    6.167657
160    6.022593
180    5.908727
189    5.855218
200    5.772382
220    5.710183
240    5.635335
260    5.572350
276    5.497846
280    5.486238
300    5.455394
320    5.400521
340    5.362999
360    5.327710
380    5.296434
396    5.268084
400    5.285318
420    5.259118
440    5.243428
460    5.225542
480    5.227991
500    5.219894
Name: train/loss, dtype: float64","step
20     0.870898
40     0.785425
60     0.785295
80     0.792313
100    0.784987
120    0.784764
140    0.792004
160    0.784901
180    0.785405
189    0.785355
200    0.822438
220    0.785641
240    0.785153
260    0.792365
276    0.784963
280    0.886396
300    0.785611
320    0.785154
340    0.785666
360    0.785805
380    0.785656
396    0.785509
400    0.887788
420    0.786883
440    0.786023
460    0.785360
480    0.785676
500    0.785433
Name: train/batch_time, dtype: float64","step
20     0.032046
40     0.014563
60     0.014215
80     0.021296
100    0.014142
120    0.013983
140    0.020998
160    0.014017
180    0.014069
189    0.014007
200    0.050324
220    0.014161
240    0.013810
260    0.020996
276    0.013735
280    0.114330
300    0.013961
320    0.013702
340    0.014290
360    0.014474
380    0.014314
396    0.014309
400    0.114918
420    0.014668
440    0.014276
460    0.013928
480    0.014225
500    0.014005
Name: train/data_time, dtype: float64","step
20     0.002172
40     0.002996
60     0.002970
80     0.002918
100    0.002843
120    0.002744
140    0.002625
160    0.002487
180    0.002332
189    0.002257
200    0.002163
220    0.001983
240    0.001795
260    0.001602
276    0.001447
280    0.001408
300    0.001216
320    0.001028
340    0.000849
360    0.000682
380    0.000529
396    0.000418
400    0.000392
420    0.000275
440    0.000179
460    0.000106
480    0.000057
500    0.000033
Name: train/lr, dtype: float64",15597568,0.9,0.95,4,0.003,0.0,2048.0,50432.0,True,adamw,amp_bfloat16,True,0.0001,256.0,0.0001,500,dataset=rw/hparams=base_warmup=short_decay=chinchilla/params=15M_maxstep=500,14909440.0,15597568.0,4300800.0,26664960.0,42319872.0,110100480.0,122930496.0,93585408.0,25804800.0,93585408.0,15597568.0,18350080.0,"5242880.0      9.238289
15728640.0     7.454723
26214400.0     6.919345
36700160.0     6.648807
47185920.0     6.478033
57671680.0     6.308792
68157440.0     6.167657
78643200.0     6.022593
89128960.0     5.908727
96731136.0     5.855218
101974016.0    5.772382
110100480.0    5.710183
120586240.0    5.635335
131072000.0    5.572350
140509184.0    5.497846
145752064.0    5.486238
152043520.0    5.455394
162529280.0    5.400521
173015040.0    5.362999
183500800.0    5.327710
193986560.0    5.297410
203423744.0    5.283279
208666624.0    5.270840
214958080.0    5.262622
225443840.0    5.242696
235929600.0    5.232320
246415360.0    5.224475
254279680.0    5.223942
Name: _smoothed, dtype: float64",485.0,254279680.0,485.0,1.0,2.379686759890944e+16,254279680.0,5.223942232131961,15597568,2.379686759890944e+16,5.223942232131961,4300800.0,6561636286464000.0,2.379686759890944e+16
rw,base,short,chinchilla,128.0,4.0,"step
530     5.26782
1059    5.08481
Name: val/loss, dtype: float64","step
530     0.001364
1059    0.001328
Name: val/loss_std, dtype: float64","step
20      9.314660
40      7.481060
60      6.973320
80      6.690441
100     6.516960
120     6.363631
140     6.236609
160     6.117269
180     6.017878
189     5.954642
200     5.888883
220     5.831768
240     5.771511
260     5.712121
276     5.646959
280     5.634436
300     5.608989
320     5.559218
340     5.519453
360     5.483335
380     5.448435
396     5.413566
400     5.424507
420     5.393355
440     5.366889
460     5.335768
480     5.321603
500     5.297404
517     5.276575
520     5.277153
540     5.265983
560     5.246491
580     5.234640
600     5.227383
620     5.214522
624     5.182534
640     5.185406
660     5.183760
676     5.172646
680     5.201880
700     5.161092
720     5.157541
740     5.145412
760     5.144003
780     5.135372
786     5.122885
800     5.119179
820     5.110794
840     5.113767
860     5.106928
880     5.101799
900     5.095669
920     5.093037
940     5.089281
960     5.088462
980     5.085368
1000    5.079966
1016    5.091359
1020    5.081553
1040    5.089061
Name: train/loss, dtype: float64","step
20      0.759457
40      0.673872
60      0.672898
80      0.672898
100     0.673116
120     0.672809
140     0.679752
160     0.673128
180     0.672468
189     0.673241
200     0.706867
220     0.673078
240     0.673001
260     0.672902
276     0.679648
280     0.766038
300     0.673346
320     0.673308
340     0.673107
360     0.673011
380     0.673098
396     0.673061
400     0.784500
420     0.673489
440     0.673214
460     0.673197
480     0.672849
500     0.672835
517     0.672743
520     0.801629
540     0.678259
560     0.673100
580     0.672805
600     0.673123
620     0.673280
624     0.673668
640     0.699505
660     0.674273
676     0.673703
680     0.846223
700     0.675202
720     0.674112
740     0.674054
760     0.673687
780     0.674013
786     0.673645
800     0.700977
820     0.673227
840     0.672999
860     0.673156
880     0.672910
900     0.672701
920     0.692360
940     0.673511
960     0.673600
980     0.673400
1000    0.672459
1016    0.673253
1020    0.767709
1040    0.673390
Name: train/batch_time, dtype: float64","step
20      0.029991
40      0.014383
60      0.013612
80      0.013682
100     0.013845
120     0.013582
140     0.020608
160     0.014073
180     0.013560
189     0.014063
200     0.046890
220     0.013637
240     0.013494
260     0.013426
276     0.020083
280     0.105148
300     0.013417
320     0.013455
340     0.013428
360     0.013298
380     0.013394
396     0.013483
400     0.123846
420     0.014010
440     0.013720
460     0.013666
480     0.013557
500     0.013751
517     0.013629
520     0.140378
540     0.018458
560     0.013514
580     0.013357
600     0.013380
620     0.013656
624     0.014035
640     0.039283
660     0.014657
676     0.013866
680     0.184087
700     0.015396
720     0.014446
740     0.014711
760     0.014281
780     0.014651
786     0.014532
800     0.041407
820     0.013948
840     0.013721
860     0.013809
880     0.013685
900     0.013669
920     0.032418
940     0.014393
960     0.014207
980     0.013790
1000    0.012999
1016    0.013608
1020    0.106750
1040    0.013488
Name: train/data_time, dtype: float64","step
20      0.003000
40      0.002995
60      0.002986
80      0.002971
100     0.002951
120     0.002925
140     0.002895
160     0.002859
180     0.002819
189     0.002799
200     0.002774
220     0.002724
240     0.002670
260     0.002612
276     0.002563
280     0.002550
300     0.002484
320     0.002415
340     0.002342
360     0.002267
380     0.002188
396     0.002124
400     0.002107
420     0.002025
440     0.001940
460     0.001854
480     0.001766
500     0.001678
517     0.001602
520     0.001589
540     0.001499
560     0.001410
580     0.001321
600     0.001233
620     0.001146
624     0.001129
640     0.001060
660     0.000976
676     0.000910
680     0.000894
700     0.000814
720     0.000737
740     0.000662
760     0.000591
780     0.000522
786     0.000503
800     0.000458
820     0.000397
840     0.000340
860     0.000288
880     0.000240
900     0.000196
920     0.000158
940     0.000124
960     0.000095
980     0.000072
1000    0.000053
1016    0.000042
1020    0.000040
1040    0.000032
Name: train/lr, dtype: float64",7503872,0.9,0.95,4,0.003,0.0,2048.0,50432.0,True,adamw,amp_bfloat16,True,0.0001,256.0,0.0001,1040,dataset=rw/hparams=base_warmup=short_decay=chinchilla/params=7M_maxstep=1040,7241728.0,7503872.0,1048576.0,13959168.0,12582912.0,51314688.0,56328960.0,45023232.0,6291456.0,45023232.0,7503872.0,8552448.0,"5242880.0      9.314660
15728640.0     7.481060
26214400.0     6.973320
36700160.0     6.690441
47185920.0     6.516960
57671680.0     6.363631
68157440.0     6.236609
78643200.0     6.117269
89128960.0     6.017878
96731136.0     5.954642
101974016.0    5.888883
110100480.0    5.831768
120586240.0    5.771511
131072000.0    5.712121
140509184.0    5.646959
145752064.0    5.634436
152043520.0    5.608989
162529280.0    5.559218
173015040.0    5.519453
183500800.0    5.483335
193986560.0    5.448445
203423744.0    5.428836
208666624.0    5.410476
214958080.0    5.394917
225443840.0    5.365337
235929600.0    5.341420
246415360.0    5.318258
256901120.0    5.298527
266600448.0    5.283711
271843328.0    5.273237
277872640.0    5.263209
288358400.0    5.249038
298844160.0    5.236171
309329920.0    5.225515
319815680.0    5.208146
326107136.0    5.194154
331350016.0    5.183900
340787200.0    5.180604
350224384.0    5.186095
355467264.0    5.178539
361758720.0    5.167714
372244480.0    5.161986
382730240.0    5.148684
393216000.0    5.141043
403701760.0    5.133370
410517504.0    5.126447
415760384.0    5.120400
424673280.0    5.114711
435159040.0    5.110494
445644800.0    5.105792
456130560.0    5.102240
466616320.0    5.097343
477102080.0    5.093650
487587840.0    5.090363
498073600.0    5.087223
508559360.0    5.086887
519045120.0    5.085342
528482304.0    5.085461
533200896.0    5.085485
534249472.0    5.087324
Name: _smoothed, dtype: float64",1019.0,534249472.0,1019.0,1.0,2.4053637923733504e+16,534249472.0,5.08732424179713,7503872,2.4053637923733504e+16,5.08732424179713,1048576.0,3361207046111232.0,2.4053637923733504e+16
rw,base,short,chinchilla,160.0,5.0,"step
102    6.464615
202    6.195292
Name: val/loss, dtype: float64","step
102    0.001676
202    0.001615
Name: val/loss_std, dtype: float64","step
20     9.275734
40     7.440936
60     6.947667
80     6.694301
100    6.542758
120    6.419006
140    6.328927
160    6.256524
180    6.224660
189    6.222113
200    6.186702
Name: train/loss, dtype: float64","step
20     0.807641
40     0.724018
60     0.723392
80     0.723578
100    0.723484
120    0.731056
140    0.723497
160    0.724284
180    0.724370
189    0.724517
200    0.760352
Name: train/batch_time, dtype: float64","step
20     0.030219
40     0.013593
60     0.013422
80     0.013135
100    0.013167
120    0.020928
140    0.013168
160    0.013817
180    0.013879
189    0.014162
200    0.049220
Name: train/data_time, dtype: float64","step
20     0.002999
40     0.002896
60     0.002634
80     0.002243
100    0.001767
120    0.001263
140    0.000787
160    0.000396
180    0.000134
189    0.000066
200    0.000031
Name: train/lr, dtype: float64",9809920,0.9,0.95,4,0.003,0.0,2048.0,50432.0,True,adamw,amp_bfloat16,True,0.0001,256.0,0.0001,200,dataset=rw/hparams=base_warmup=short_decay=chinchilla/params=9M_maxstep=200,9605120.0,9809920.0,1740800.0,18001920.0,20275200.0,68689920.0,77661120.0,58859520.0,10444800.0,58859520.0,9809920.0,11448320.0,"5242880.0      9.275734
15728640.0     7.440936
26214400.0     6.947667
36700160.0     6.694301
47185920.0     6.542758
57671680.0     6.419006
68157440.0     6.328927
78643200.0     6.256524
89128960.0     6.224660
96731136.0     6.222113
101974016.0    6.186702
Name: _smoothed, dtype: float64",194.5,101974016.0,194.5,1.0,6002141634232320.0,101974016.0,6.1867016012018325,9809920,6002141634232320.0,6.1867016012018325,1740800.0,1065098202316800.0,6002141634232320.0
rw,base,short,chinchilla,96.0,3.0,"step
193    6.183553
383    5.974284
Name: val/loss, dtype: float64","step
193    0.001619
383    0.001534
Name: val/loss_std, dtype: float64","step
20     9.363950
40     7.630715
60     7.186429
80     6.846687
100    6.653782
120    6.524102
140    6.429355
160    6.334304
180    6.266957
189    6.228187
200    6.170231
220    6.137407
240    6.099885
260    6.067319
276    6.024591
280    6.026619
300    6.017440
320    5.994930
340    5.986462
360    5.983275
380    5.974400
Name: train/loss, dtype: float64","step
20     0.728965
40     0.644224
60     0.642557
80     0.642395
100    0.642157
120    0.642425
140    0.642318
160    0.642488
180    0.641912
189    0.641786
200    0.693550
220    0.642175
240    0.642511
260    0.642897
276    0.642472
280    0.741085
300    0.642515
320    0.642096
340    0.642216
360    0.641558
380    0.641951
Name: train/batch_time, dtype: float64","step
20     0.032003
40     0.014812
60     0.013279
80     0.013279
100    0.013128
120    0.013384
140    0.013197
160    0.013419
180    0.012977
189    0.012832
200    0.063779
220    0.012925
240    0.013253
260    0.013559
276    0.013257
280    0.110765
300    0.013422
320    0.013359
340    0.013269
360    0.012966
380    0.013326
Name: train/data_time, dtype: float64","step
20     0.002994
40     0.002950
60     0.002866
80     0.002744
100    0.002587
120    0.002400
140    0.002188
160    0.001957
180    0.001714
189    0.001602
200    0.001465
220    0.001218
240    0.000979
260    0.000755
276    0.000591
280    0.000552
300    0.000377
320    0.000233
340    0.000126
360    0.000058
380    0.000030
Name: train/lr, dtype: float64",5173248,0.9,0.95,4,0.003,0.0,2048.0,50432.0,True,adamw,amp_bfloat16,True,0.0001,256.0,0.0001,380,dataset=rw/hparams=base_warmup=short_decay=chinchilla/params=5M_maxstep=380,5173248.0,5173248.0,331776.0,10211328.0,5529600.0,34578432.0,38339136.0,31039488.0,1990656.0,31039488.0,5173248.0,5763072.0,"5242880.0      9.363950
15728640.0     7.630715
26214400.0     7.186429
36700160.0     6.846687
47185920.0     6.653782
57671680.0     6.524102
68157440.0     6.429355
78643200.0     6.334304
89128960.0     6.266957
96731136.0     6.228187
101974016.0    6.170231
110100480.0    6.137407
120586240.0    6.099885
131072000.0    6.067319
140509184.0    6.024591
145752064.0    6.026619
152043520.0    6.017440
162529280.0    5.994930
173015040.0    5.986462
183500800.0    5.983275
191365120.0    5.978838
Name: _smoothed, dtype: float64",365.0,191365120.0,365.0,1.0,5939875345858560.0,191365120.0,5.978837513923644,5173248,5939875345858560.0,5.978837513923644,331776.0,380942124318720.0,5939875345858560.0
rw,base,short,chinchilla,96.0,3.0,"step
385    5.720218
767    5.559906
Name: val/loss, dtype: float64","step
385    0.001398
767    0.001345
Name: val/loss_std, dtype: float64","step
20     9.363923
40     7.630156
60     7.182837
80     6.840556
100    6.645329
120    6.511402
140    6.410729
160    6.304406
180    6.228757
189    6.176286
200    6.114038
220    6.066806
240    6.011725
260    5.958388
276    5.900495
280    5.894161
300    5.869734
320    5.825861
340    5.796360
360    5.767332
380    5.738216
396    5.708814
400    5.723413
420    5.696725
440    5.674957
460    5.651415
480    5.646029
500    5.625651
517    5.611896
520    5.615932
540    5.608414
560    5.596854
580    5.591416
600    5.590165
620    5.584140
624    5.563085
640    5.564978
660    5.568706
676    5.565800
680    5.596906
700    5.562380
720    5.565901
740    5.562802
760    5.567577
Name: train/loss, dtype: float64","step
20     0.732610
40     0.644853
60     0.643730
80     0.643028
100    0.643783
120    0.643515
140    0.643285
160    0.643641
180    0.643244
189    0.643463
200    0.692841
220    0.643114
240    0.643111
260    0.642788
276    0.642575
280    0.746294
300    0.642653
320    0.642180
340    0.642346
360    0.642509
380    0.642701
396    0.648466
400    0.742087
420    0.643407
440    0.642761
460    0.642688
480    0.642374
500    0.642256
517    0.642159
520    0.781230
540    0.642879
560    0.642397
580    0.642449
600    0.642557
620    0.642896
624    0.642159
640    0.666833
660    0.642399
676    0.642391
680    0.747682
700    0.642726
720    0.642462
740    0.642328
760    0.642304
Name: train/batch_time, dtype: float64","step
20     0.035196
40     0.015540
60     0.014762
80     0.014297
100    0.014933
120    0.014781
140    0.014560
160    0.015038
180    0.014421
189    0.014656
200    0.062543
220    0.013600
240    0.013824
260    0.013360
276    0.013180
280    0.115359
300    0.013144
320    0.012960
340    0.012973
360    0.013310
380    0.013386
396    0.019173
400    0.111626
420    0.014002
440    0.013041
460    0.013280
480    0.013152
500    0.012974
517    0.013660
520    0.149824
540    0.013735
560    0.013516
580    0.013450
600    0.013535
620    0.013882
624    0.013680
640    0.037017
660    0.013217
676    0.013087
680    0.116854
700    0.013214
720    0.013166
740    0.013095
760    0.012978
Name: train/data_time, dtype: float64","step
20     0.002998
40     0.002988
60     0.002967
80     0.002936
100    0.002896
120    0.002846
140    0.002786
160    0.002719
180    0.002642
189    0.002606
200    0.002559
220    0.002467
240    0.002370
260    0.002266
276    0.002180
280    0.002158
300    0.002045
320    0.001928
340    0.001808
360    0.001687
380    0.001564
396    0.001466
400    0.001441
420    0.001319
440    0.001197
460    0.001078
480    0.000962
500    0.000850
517    0.000758
520    0.000743
540    0.000640
560    0.000544
580    0.000454
600    0.000372
620    0.000297
624    0.000283
640    0.000231
660    0.000174
676    0.000134
680    0.000125
700    0.000087
720    0.000058
740    0.000039
760    0.000031
Name: train/lr, dtype: float64",5173248,0.9,0.95,4,0.003,0.0,2048.0,50432.0,True,adamw,amp_bfloat16,True,0.0001,256.0,0.0001,760,dataset=rw/hparams=base_warmup=short_decay=chinchilla/params=5M_maxstep=760,5173248.0,5173248.0,331776.0,10211328.0,5529600.0,34578432.0,38339136.0,31039488.0,1990656.0,31039488.0,5173248.0,5763072.0,"5242880.0      9.363923
15728640.0     7.630156
26214400.0     7.182837
36700160.0     6.840556
47185920.0     6.645329
57671680.0     6.511402
68157440.0     6.410729
78643200.0     6.304406
89128960.0     6.228757
96731136.0     6.176286
101974016.0    6.114038
110100480.0    6.066806
120586240.0    6.011725
131072000.0    5.958388
140509184.0    5.900495
145752064.0    5.894161
152043520.0    5.869734
162529280.0    5.825861
173015040.0    5.796360
183500800.0    5.767332
193986560.0    5.738121
203423744.0    5.723481
208666624.0    5.709651
214958080.0    5.698365
225443840.0    5.674366
235929600.0    5.657467
246415360.0    5.641032
256901120.0    5.627859
266600448.0    5.617827
271843328.0    5.612081
277872640.0    5.607067
288358400.0    5.598895
298844160.0    5.592812
309329920.0    5.588574
319815680.0    5.579130
326107136.0    5.570734
331350016.0    5.565590
340787200.0    5.566495
350224384.0    5.577138
355467264.0    5.575029
361758720.0    5.570758
372244480.0    5.571113
380108800.0    5.564665
385351680.0    5.565427
Name: _smoothed, dtype: float64",735.0,385351680.0,735.0,1.0,1.196111884713984e+16,385351680.0,5.565426516532891,5173248,1.196111884713984e+16,5.565426516532891,331776.0,767102633902080.0,1.196111884713984e+16
rw,base,short,chinchilla,224.0,6.0,"step
1016    4.442229
1020    4.439970
1143    4.399994
1219    4.380504
1314    4.356833
1600    4.307923
1758    4.292571
1860    4.286631
2037    4.282125
Name: val/loss, dtype: float64","step
1016    0.001514
1020    0.001521
1143    0.001516
1219    0.001507
1314    0.001522
1600    0.001543
1758    0.001545
1860    0.001554
2037    0.001543
Name: val/loss_std, dtype: float64","step
20      9.238280
40      7.452883
60      6.910294
80      6.642018
100     6.460396
          ...   
1960    4.286221
1980    4.279825
1983    4.271369
2000    4.287428
2020    4.285548
Name: train/loss, Length: 116, dtype: float64","step
20      0.871786
40      0.788258
60      0.786352
80      0.794267
100     0.786150
          ...   
1960    0.786644
1980    0.786712
1983    0.786798
2000    0.811023
2020    0.785598
Name: train/batch_time, Length: 116, dtype: float64","step
20      0.032613
40      0.016409
60      0.014573
80      0.022982
100     0.015007
          ...   
1960    0.015035
1980    0.015393
1983    0.015690
2000    0.039147
2020    0.014542
Name: train/data_time, Length: 116, dtype: float64","step
20      0.002172
40      0.003000
60      0.002998
80      0.002995
100     0.002991
          ...   
1960    0.000041
1980    0.000036
1983    0.000035
2000    0.000032
2020    0.000031
Name: train/lr, Length: 116, dtype: float64",15597568,0.9,0.95,4,0.003,0.0,2048.0,50432.0,True,adamw,amp_bfloat16,True,0.0001,256.0,0.0001,2020,dataset=rw/hparams=base_warmup=short_decay=chinchilla/params=15M_maxstep=2020,14909440.0,15597568.0,4300800.0,26664960.0,42319872.0,110100480.0,122930496.0,93585408.0,25804800.0,93585408.0,15597568.0,18350080.0,"5.242880e+06    9.238280
1.572864e+07    7.452883
2.621440e+07    6.910294
3.670016e+07    6.642018
4.718592e+07    6.460396
                  ...   
1.019740e+09    4.281514
1.024983e+09    4.280901
1.030226e+09    4.280449
1.035469e+09    4.280123
1.038483e+09    4.282450
Name: _smoothed, Length: 116, dtype: float64",1980.75,1038483456.0,1980.75,1.0,9.718689793101005e+16,1038483456.0,4.282449902896019,15597568,9.718689793101005e+16,4.282449902896019,4300800.0,2.67978578853888e+16,9.718689793101005e+16
rw,base,short,chinchilla,224.0,6.0,"step
64     6.706043
127    6.432084
Name: val/loss, dtype: float64","step
64     0.001764
127    0.001708
Name: val/loss_std, dtype: float64","step
20     9.238311
40     7.454920
60     6.920085
80     6.661161
100    6.521512
120    6.445808
Name: train/loss, dtype: float64","step
20     0.872269
40     0.786912
60     0.785960
80     0.792405
100    0.785923
120    0.785458
Name: train/batch_time, dtype: float64","step
20     0.032554
40     0.015349
60     0.014257
80     0.020908
100    0.014495
120    0.014018
Name: train/data_time, dtype: float64","step
20     0.002172
40     0.002909
60     0.002325
80     0.001420
100    0.000552
120    0.000067
Name: train/lr, dtype: float64",15597568,0.9,0.95,4,0.003,0.0,2048.0,50432.0,True,adamw,amp_bfloat16,True,0.0001,256.0,0.0001,120,dataset=rw/hparams=base_warmup=short_decay=chinchilla/params=15M_maxstep=120,14909440.0,15597568.0,4300800.0,26664960.0,42319872.0,110100480.0,122930496.0,93585408.0,25804800.0,93585408.0,15597568.0,18350080.0,"5242880.0     9.238311
15728640.0    7.454920
26214400.0    6.920085
36700160.0    6.661161
47185920.0    6.521512
57671680.0    6.445808
Name: _smoothed, dtype: float64",110.0,57671680.0,110.0,1.0,5397227702845440.0,57671680.0,6.445808196067809,15597568,5397227702845440.0,6.445808196067809,4300800.0,1488206168064000.0,5397227702845440.0
rw,base,short,chinchilla,224.0,6.0,"step
63    7.000467
Name: val/loss, dtype: float64","step
63    0.001613
Name: val/loss_std, dtype: float64","step
20    8.827000
40    7.379316
60    7.056310
Name: train/loss, dtype: float64","step
20    0.871966
40    0.787953
60    0.786593
Name: train/batch_time, dtype: float64","step
20    0.032432
40    0.015281
60    0.014317
Name: train/data_time, dtype: float64","step
20    0.002891
40    0.001372
60    0.000057
Name: train/lr, dtype: float64",7798784,0.9,0.95,4,0.003,0.0,2048.0,50432.0,True,adamw,amp_bfloat16,True,0.0001,256.0,0.0001,60,dataset=rw/hparams=base_warmup=short_decay=chinchilla/params=15M_maxstep=60,14909440.0,15597568.0,4300800.0,26664960.0,42319872.0,110100480.0,122930496.0,93585408.0,25804800.0,93585408.0,15597568.0,18350080.0,"5242880.0     8.827000
15728640.0    7.379316
26214400.0    7.056310
Name: _smoothed, dtype: float64",50.0,26214400.0,50.0,1.0,2453285319475200.0,26214400.0,7.056310439109804,15597568,2453285319475200.0,7.056310439109804,4300800.0,676457349120000.0,2453285319475200.0
rw,base,short,chinchilla,160.0,5.0,"step
406    5.346079
810    5.120622
Name: val/loss, dtype: float64","step
406    0.001371
810    0.001359
Name: val/loss_std, dtype: float64","step
20     9.275713
40     7.440138
60     6.941483
80     6.683123
100    6.520443
120    6.368499
140    6.236780
160    6.108650
180    6.001625
189    5.937377
200    5.866705
220    5.808223
240    5.741643
260    5.678906
276    5.610480
280    5.599302
300    5.569405
320    5.519613
340    5.474338
360    5.436443
380    5.397578
396    5.359143
400    5.370489
420    5.340765
440    5.311093
460    5.279813
480    5.266246
500    5.241688
517    5.220596
520    5.220503
540    5.212907
560    5.193426
580    5.185094
600    5.179203
620    5.169818
624    5.140893
640    5.145213
660    5.146334
676    5.139616
680    5.170522
700    5.133661
720    5.133994
740    5.127316
760    5.131691
780    5.128913
786    5.119764
800    5.118386
Name: train/loss, dtype: float64","step
20     0.811299
40     0.724990
60     0.724514
80     0.725006
100    0.724745
120    0.730983
140    0.724687
160    0.724714
180    0.724940
189    0.725681
200    0.760068
220    0.728999
240    0.723453
260    0.724063
276    0.723765
280    0.874096
300    0.724511
320    0.724854
340    0.724695
360    0.724192
380    0.724756
396    0.724667
400    0.825209
420    0.733017
440    0.724481
460    0.724678
480    0.725002
500    0.724644
517    0.724610
520    0.866590
540    0.723918
560    0.723849
580    0.723811
600    0.723693
620    0.723714
624    0.724379
640    0.750672
660    0.724465
676    0.723566
680    0.829955
700    0.724113
720    0.724079
740    0.723882
760    0.724259
780    0.723583
786    0.723721
800    0.752019
Name: train/batch_time, dtype: float64","step
20     0.034184
40     0.015059
60     0.014689
80     0.014846
100    0.015084
120    0.021607
140    0.015326
160    0.015150
180    0.015218
189    0.015759
200    0.050242
220    0.019452
240    0.014041
260    0.014368
276    0.014057
280    0.163450
300    0.015090
320    0.015246
340    0.015251
360    0.014922
380    0.015287
396    0.015191
400    0.114273
420    0.023103
440    0.014687
460    0.014954
480    0.015321
500    0.014909
517    0.015057
520    0.155565
540    0.014476
560    0.014459
580    0.014423
600    0.014404
620    0.014229
624    0.014891
640    0.040559
660    0.014858
676    0.013970
680    0.119324
700    0.014211
720    0.014487
740    0.014269
760    0.014826
780    0.014014
786    0.014150
800    0.041853
Name: train/data_time, dtype: float64","step
20     0.003000
40     0.002994
60     0.002979
80     0.002955
100    0.002922
120    0.002880
140    0.002829
160    0.002771
180    0.002704
189    0.002671
200    0.002630
220    0.002548
240    0.002460
260    0.002367
276    0.002288
280    0.002268
300    0.002164
320    0.002056
340    0.001945
360    0.001831
380    0.001715
396    0.001621
400    0.001597
420    0.001480
440    0.001362
460    0.001246
480    0.001131
500    0.001018
517    0.000925
520    0.000909
540    0.000803
560    0.000702
580    0.000606
600    0.000516
620    0.000432
624    0.000416
640    0.000355
660    0.000285
676    0.000235
680    0.000223
700    0.000169
720    0.000124
740    0.000087
760    0.000059
780    0.000041
786    0.000037
800    0.000031
Name: train/lr, dtype: float64",9809920,0.9,0.95,4,0.003,0.0,2048.0,50432.0,True,adamw,amp_bfloat16,True,0.0001,256.0,0.0001,800,dataset=rw/hparams=base_warmup=short_decay=chinchilla/params=9M_maxstep=800,9605120.0,9809920.0,1740800.0,18001920.0,20275200.0,68689920.0,77661120.0,58859520.0,10444800.0,58859520.0,9809920.0,11448320.0,"5242880.0      9.275713
15728640.0     7.440138
26214400.0     6.941483
36700160.0     6.683123
47185920.0     6.520443
57671680.0     6.368499
68157440.0     6.236780
78643200.0     6.108650
89128960.0     6.001625
96731136.0     5.937377
101974016.0    5.866705
110100480.0    5.808223
120586240.0    5.741643
131072000.0    5.678906
140509184.0    5.610480
145752064.0    5.599302
152043520.0    5.569405
162529280.0    5.519613
173015040.0    5.474338
183500800.0    5.436443
193986560.0    5.397722
203423744.0    5.375737
208666624.0    5.356799
214958080.0    5.340783
225443840.0    5.310557
235929600.0    5.285717
246415360.0    5.262582
256901120.0    5.242843
266600448.0    5.227595
271843328.0    5.218002
277872640.0    5.208945
288358400.0    5.197143
298844160.0    5.185908
309329920.0    5.178038
319815680.0    5.163305
326107136.0    5.151974
331350016.0    5.144146
340787200.0    5.143721
350224384.0    5.152157
355467264.0    5.147933
361758720.0    5.141022
372244480.0    5.139437
382730240.0    5.131115
393216000.0    5.128336
403701760.0    5.125214
409731072.0    5.124688
411303936.0    5.122354
Name: _smoothed, dtype: float64",784.5,411303936.0,784.5,1.0,2.420915224707072e+16,411303936.0,5.122354340553282,9809920,2.420915224707072e+16,5.122354340553282,1740800.0,4295987350732800.0,2.420915224707072e+16
rw,base,short,chinchilla,96.0,3.0,"step
23    7.969404
Name: val/loss, dtype: float64","step
23    0.001065
Name: val/loss_std, dtype: float64","step
20    9.106427
Name: train/loss, dtype: float64","step
20    0.735505
Name: train/batch_time, dtype: float64","step
20    0.035212
Name: train/data_time, dtype: float64","step
20    0.000209
Name: train/lr, dtype: float64",2586624,0.9,0.95,4,0.003,0.0,2048.0,50432.0,True,adamw,amp_bfloat16,True,0.0001,256.0,0.0001,20,dataset=rw/hparams=base_warmup=short_decay=chinchilla/params=5M_maxstep=20,5173248.0,5173248.0,331776.0,10211328.0,5529600.0,34578432.0,38339136.0,31039488.0,1990656.0,31039488.0,5173248.0,5763072.0,"5242880.0    9.106427
Name: _smoothed, dtype: float64",10.0,5242880.0,10.0,1.0,162736310845440.0,5242880.0,9.106426906585693,5173248,162736310845440.0,9.106426906585693,331776.0,10436770529280.0,162736310845440.0
rw,base,short,chinchilla,96.0,3.0,"step
95    6.989444
Name: val/loss, dtype: float64","step
95    0.001681
Name: val/loss_std, dtype: float64","step
20    9.364687
40    7.643668
60    7.283325
80    7.059644
Name: train/loss, dtype: float64","step
20    0.730223
40    0.642875
60    0.642541
80    0.642798
Name: train/batch_time, dtype: float64","step
20    0.033410
40    0.013902
60    0.013573
80    0.013585
Name: train/data_time, dtype: float64","step
20    0.002882
40    0.002145
60    0.001087
80    0.000247
Name: train/lr, dtype: float64",5173248,0.9,0.95,4,0.003,0.0,2048.0,50432.0,True,adamw,amp_bfloat16,True,0.0001,256.0,0.0001,80,dataset=rw/hparams=base_warmup=short_decay=chinchilla/params=5M_maxstep=80,5173248.0,5173248.0,331776.0,10211328.0,5529600.0,34578432.0,38339136.0,31039488.0,1990656.0,31039488.0,5173248.0,5763072.0,"5242880.0     9.364687
15728640.0    7.643668
26214400.0    7.283325
36700160.0    7.059644
Name: _smoothed, dtype: float64",70.0,36700160.0,70.0,1.0,1139154175918080.0,36700160.0,7.059643745422363,5173248,1139154175918080.0,7.059643745422363,331776.0,73057393704960.0,1139154175918080.0
rw,base,short,chinchilla,128.0,4.0,"step
132    6.540977
Name: val/loss, dtype: float64","step
132    0.001702
Name: val/loss_std, dtype: float64","step
20     9.314679
40     7.485421
60     6.998739
80     6.738057
100    6.614369
120    6.554084
Name: train/loss, dtype: float64","step
20     0.759218
40     0.675839
60     0.674324
80     0.674510
100    0.674615
120    0.674602
Name: train/batch_time, dtype: float64","step
20     0.031042
40     0.015791
60     0.014502
80     0.014609
100    0.014807
120    0.014801
Name: train/data_time, dtype: float64","step
20     0.002981
40     0.002658
60     0.002019
80     0.001240
100    0.000537
120    0.000105
Name: train/lr, dtype: float64",7503872,0.9,0.95,4,0.003,0.0,2048.0,50432.0,True,adamw,amp_bfloat16,True,0.0001,256.0,0.0001,120,dataset=rw/hparams=base_warmup=short_decay=chinchilla/params=7M_maxstep=120,7241728.0,7503872.0,1048576.0,13959168.0,12582912.0,51314688.0,56328960.0,45023232.0,6291456.0,45023232.0,7503872.0,8552448.0,"5242880.0     9.314679
15728640.0    7.485421
26214400.0    6.998739
36700160.0    6.738057
47185920.0    6.614369
57671680.0    6.554084
Name: _smoothed, dtype: float64",110.0,57671680.0,110.0,1.0,2596565428469760.0,57671680.0,6.5540841817855835,7503872,2596565428469760.0,6.5540841817855835,1048576.0,362838837166080.0,2596565428469760.0
rw,base,short,chinchilla,160.0,5.0,"step
203    5.894997
405    5.616683
Name: val/loss, dtype: float64","step
203    0.001493
405    0.001431
Name: val/loss_std, dtype: float64","step
20     9.275708
40     7.440264
60     6.943460
80     6.684382
100    6.532267
120    6.384693
140    6.256373
160    6.132079
180    6.035511
189    5.983665
200    5.911836
220    5.867359
240    5.811575
260    5.765527
276    5.711655
280    5.707878
300    5.693748
320    5.660888
340    5.645375
360    5.632947
380    5.620691
396    5.609143
400    5.632707
Name: train/loss, dtype: float64","step
20     0.808430
40     0.723776
60     0.723946
80     0.724365
100    0.724458
120    0.731379
140    0.723892
160    0.724270
180    0.723835
189    0.724621
200    0.759774
220    0.729092
240    0.722950
260    0.723019
276    0.723013
280    0.824870
300    0.724189
320    0.724181
340    0.724503
360    0.723884
380    0.723893
396    0.723930
400    0.825243
Name: train/batch_time, dtype: float64","step
20     0.031862
40     0.014185
60     0.014004
80     0.014689
100    0.014734
120    0.021726
140    0.014299
160    0.014786
180    0.014407
189    0.015131
200    0.049655
220    0.019573
240    0.013551
260    0.013552
276    0.013773
280    0.114123
300    0.014453
320    0.014587
340    0.014861
360    0.014352
380    0.014364
396    0.014446
400    0.114254
Name: train/data_time, dtype: float64","step
20     0.003000
40     0.002976
60     0.002915
80     0.002816
100    0.002683
120    0.002519
140    0.002329
160    0.002118
180    0.001891
189    0.001785
200    0.001653
220    0.001413
240    0.001174
260    0.000945
276    0.000772
280    0.000731
300    0.000538
320    0.000370
340    0.000232
360    0.000128
380    0.000060
396    0.000034
400    0.000031
Name: train/lr, dtype: float64",9809920,0.9,0.95,4,0.003,0.0,2048.0,50432.0,True,adamw,amp_bfloat16,True,0.0001,256.0,0.0001,400,dataset=rw/hparams=base_warmup=short_decay=chinchilla/params=9M_maxstep=400,9605120.0,9809920.0,1740800.0,18001920.0,20275200.0,68689920.0,77661120.0,58859520.0,10444800.0,58859520.0,9809920.0,11448320.0,"5242880.0      9.275708
15728640.0     7.440264
26214400.0     6.943460
36700160.0     6.684382
47185920.0     6.532267
57671680.0     6.384693
68157440.0     6.256373
78643200.0     6.132079
89128960.0     6.035511
96731136.0     5.983665
101974016.0    5.911836
110100480.0    5.867359
120586240.0    5.811575
131072000.0    5.765527
140509184.0    5.711655
145752064.0    5.707878
152043520.0    5.693748
162529280.0    5.660888
173015040.0    5.645375
183500800.0    5.632947
193986560.0    5.620927
203423744.0    5.620847
208142336.0    5.620925
Name: _smoothed, dtype: float64",397.0,208142336.0,397.0,1.0,1.225115798863872e+16,208142336.0,5.620925411581993,9809920,1.225115798863872e+16,5.620925411581993,1740800.0,2174005071052800.0,1.225115798863872e+16
rw,base,short,chinchilla,160.0,5.0,"step
811     4.881307
1314    4.649353
1439    4.634701
1600    4.627596
1620    4.627177
Name: val/loss, dtype: float64","step
811     0.001376
1314    0.001439
1439    0.001435
1600    0.001430
1620    0.001431
Name: val/loss_std, dtype: float64","step
20      9.275714
40      7.440223
60      6.942705
80      6.685582
100     6.521787
          ...   
1520    4.633397
1540    4.637632
1560    4.636018
1580    4.627989
1600    4.637505
Name: train/loss, Length: 92, dtype: float64","step
20      0.809730
40      0.724060
60      0.723983
80      0.724310
100     0.724123
          ...   
1520    0.724020
1540    0.724172
1560    0.724337
1580    0.724267
1600    0.724313
Name: train/batch_time, Length: 92, dtype: float64","step
20      0.032074
40      0.013777
60      0.013933
80      0.014249
100     0.014093
          ...   
1520    0.014142
1540    0.014225
1560    0.014450
1580    0.014052
1600    0.013940
Name: train/data_time, Length: 92, dtype: float64","step
20      0.003000
40      0.002999
60      0.002995
80      0.002989
100     0.002981
          ...   
1520    0.000058
1540    0.000048
1560    0.000040
1580    0.000035
1600    0.000031
Name: train/lr, Length: 92, dtype: float64",9809920,0.9,0.95,4,0.003,0.0,2048.0,50432.0,True,adamw,amp_bfloat16,True,0.0001,256.0,0.0001,1600,dataset=rw/hparams=base_warmup=short_decay=chinchilla/params=9M_maxstep=1600,9605120.0,9809920.0,1740800.0,18001920.0,20275200.0,68689920.0,77661120.0,58859520.0,10444800.0,58859520.0,9809920.0,11448320.0,"5242880.0      9.275714
15728640.0     7.440223
26214400.0     6.942705
36700160.0     6.685582
47185920.0     6.521787
                 ...   
791674880.0    4.632759
799539200.0    4.634722
804782080.0    4.634958
810024960.0    4.635168
815267840.0    4.634508
Name: _smoothed, Length: 92, dtype: float64",1555.0,815267840.0,1555.0,1.0,4.79862737338368e+16,815267840.0,4.634508280754096,9809920,4.79862737338368e+16,4.634508280754096,1740800.0,8515309535232000.0,4.79862737338368e+16
rw,base,short,chinchilla,160.0,5.0,"step
101    6.675955
Name: val/loss, dtype: float64","step
101    0.00172
Name: val/loss_std, dtype: float64","step
20     9.275699
40     7.443277
60     6.969701
80     6.755696
100    6.682450
Name: train/loss, dtype: float64","step
20     0.808635
40     0.726657
60     0.724654
80     0.724685
100    0.725474
Name: train/batch_time, dtype: float64","step
20     0.031411
40     0.016657
60     0.014044
80     0.013891
100    0.015046
Name: train/data_time, dtype: float64","step
20     0.002996
40     0.002514
60     0.001487
80     0.000475
100    0.000031
Name: train/lr, dtype: float64",9809920,0.9,0.95,4,0.003,0.0,2048.0,50432.0,True,adamw,amp_bfloat16,True,0.0001,256.0,0.0001,100,dataset=rw/hparams=base_warmup=short_decay=chinchilla/params=9M_maxstep=100,9605120.0,9809920.0,1740800.0,18001920.0,20275200.0,68689920.0,77661120.0,58859520.0,10444800.0,58859520.0,9809920.0,11448320.0,"5242880.0     9.275699
15728640.0    7.443277
26214400.0    6.969701
36700160.0    6.755696
47185920.0    6.682450
Name: _smoothed, dtype: float64",90.0,47185920.0,90.0,1.0,2777340601958400.0,47185920.0,6.682450151443483,9809920,2777340601958400.0,6.682450151443483,1740800.0,492847497216000.0,2777340601958400.0
rw,base,short,chinchilla,288.0,8.0,"step
89     6.472129
176    6.087025
Name: val/loss, dtype: float64","step
89     0.001643
176    0.001569
Name: val/loss_std, dtype: float64","step
20     9.241443
40     7.532591
60     6.948406
80     6.659440
100    6.475970
120    6.322565
140    6.197860
160    6.116262
Name: train/loss, dtype: float64","step
20     0.547317
40     0.465107
60     0.474394
80     0.463237
100    0.472004
120    0.462959
140    0.462950
160    0.463073
Name: train/batch_time, dtype: float64","step
20     0.024597
40     0.010630
60     0.019710
80     0.008663
100    0.017501
120    0.008650
140    0.008552
160    0.008589
Name: train/data_time, dtype: float64","step
20     0.001500
40     0.002929
60     0.002870
80     0.002449
100    0.001826
120    0.001136
140    0.000528
160    0.000133
Name: train/lr, dtype: float64",22487040,0.9,0.95,8,0.003,0.0,2048.0,50432.0,True,adamw,amp_bfloat16,True,0.0001,256.0,0.0001,160,dataset=rw/hparams=base_warmup=short_decay=chinchilla/params=22M_maxstep=160,22487040.0,22487040.0,7962624.0,37601280.0,76087296.0,163233792.0,192136896.0,134922240.0,47775744.0,134922240.0,22487040.0,27205632.0,"5242880.0     9.241443
15728640.0    7.532591
26214400.0    6.948406
36700160.0    6.659440
47185920.0    6.475970
57671680.0    6.322565
68157440.0    6.197860
78643200.0    6.116262
Name: _smoothed, dtype: float64",150.0,78643200.0,150.0,1.0,1.0610716704768e+16,78643200.0,6.11626229286194,22487040,1.0610716704768e+16,6.11626229286194,7962624.0,3757237390540800.0,1.0610716704768e+16
rw,base,short,chinchilla,288.0,8.0,"step
1414    4.176712
2827    4.028116
Name: val/loss, dtype: float64","step
1414    0.001727
2827    0.001765
Name: val/loss_std, dtype: float64","step
20      9.241294
40      7.533402
60      6.952418
80      6.666684
100     6.476029
          ...   
2760    4.038591
2780    4.027909
2800    4.029288
2810    4.027223
2820    4.036552
Name: train/loss, Length: 154, dtype: float64","step
20      0.563720
40      0.463751
60      0.472430
80      0.463462
100     0.472100
          ...   
2760    0.462655
2780    0.462555
2800    0.462922
2810    0.462715
2820    0.500659
Name: train/batch_time, Length: 154, dtype: float64","step
20      0.032016
40      0.009363
60      0.017980
80      0.009126
100     0.017748
          ...   
2760    0.008340
2780    0.008260
2800    0.008589
2810    0.008335
2820    0.045657
Name: train/data_time, Length: 154, dtype: float64","step
20      0.001500
40      0.002929
60      0.003000
80      0.002999
100     0.002997
          ...   
2760    0.000034
2780    0.000032
2800    0.000031
2810    0.000030
2820    0.000030
Name: train/lr, Length: 154, dtype: float64",22487040,0.9,0.95,8,0.003,0.0,2048.0,50432.0,True,adamw,amp_bfloat16,True,0.0001,256.0,0.0001,2820,dataset=rw/hparams=base_warmup=short_decay=chinchilla/params=22M_maxstep=2820,22487040.0,22487040.0,7962624.0,37601280.0,76087296.0,163233792.0,192136896.0,134922240.0,47775744.0,134922240.0,22487040.0,27205632.0,"5.242880e+06    9.241294
1.572864e+07    7.533402
2.621440e+07    6.952418
3.670016e+07    6.666684
4.718592e+07    6.476029
                  ...   
1.428685e+09    4.031523
1.433928e+09    4.031278
1.439171e+09    4.032255
1.444413e+09    4.032209
1.449656e+09    4.031279
Name: _smoothed, Length: 154, dtype: float64",2765.0,1449656320.0,2765.0,1.0,1.955908779245568e+17,1449656320.0,4.031279131770148,22487040,1.955908779245568e+17,4.031279131770148,7962624.0,6.925840923230208e+16,1.955908779245568e+17
rw,base,short,chinchilla,384.0,10.0,"step
108    6.250723
214    5.809218
Name: val/loss, dtype: float64","step
108    0.001629
214    0.001521
Name: val/loss_std, dtype: float64","step
20     8.868233
40     7.357310
60     6.832381
80     6.595877
100    6.421118
120    6.248621
140    6.093507
160    5.963522
180    5.889884
200    5.837217
208    5.816063
Name: train/loss, dtype: float64","step
20     0.632033
40     0.558267
60     0.558159
80     0.542686
100    0.542472
120    0.557184
140    0.542793
160    0.542511
180    0.542678
200    0.542442
208    0.542466
Name: train/batch_time, dtype: float64","step
20     0.024098
40     0.025613
60     0.025047
80     0.009393
100    0.009261
120    0.023967
140    0.009405
160    0.009257
180    0.009263
200    0.009255
208    0.009229
Name: train/data_time, dtype: float64","step
20     0.001800
40     0.002994
60     0.002859
80     0.002560
100    0.002134
120    0.001632
140    0.001116
160    0.000648
180    0.000287
200    0.000075
208    0.000038
Name: train/lr, dtype: float64",18530304,0.9,0.95,8,0.003,0.0,2048.0,50432.0,True,adamw,amp_bfloat16,True,0.0001,256.0,0.0001,208,dataset=rw/hparams=base_warmup=short_decay=chinchilla/params=37M_maxstep=208,37060608.0,37060608.0,17694720.0,57212928.0,153354240.0,269549568.0,317475072.0,222363648.0,106168320.0,222363648.0,37060608.0,44924928.0,"5242880.0      8.868233
15728640.0     7.357310
26214400.0     6.832381
36700160.0     6.595877
47185920.0     6.421118
57671680.0     6.248621
68157440.0     6.093507
78643200.0     5.963522
89128960.0     5.889884
99614720.0     5.837217
106954752.0    5.816063
Name: _smoothed, dtype: float64",204.0,106954752.0,204.0,1.0,2.3782848825655296e+16,106954752.0,5.8160629868507385,37060608,2.3782848825655296e+16,5.8160629868507385,17694720.0,1.135520633585664e+16,2.3782848825655296e+16
rw,base,short,chinchilla,384.0,10.0,"step
429    4.693718
857    4.323322
Name: val/loss, dtype: float64","step
429    0.001396
857    0.001527
Name: val/loss_std, dtype: float64","step
20     9.262810
40     7.529136
60     6.941460
80     6.644809
100    6.456903
120    6.258239
140    6.076875
160    5.928154
180    5.833256
200    5.681975
208    5.590664
220    5.546246
240    5.439186
260    5.365359
280    5.258816
300    5.177873
320    5.092671
340    5.026300
360    4.963649
380    4.896916
400    4.820217
420    4.741656
437    4.684532
440    4.662759
460    4.639515
480    4.600041
500    4.571218
520    4.528331
540    4.501887
560    4.487807
580    4.467026
600    4.430147
620    4.421954
628    4.412039
640    4.408645
660    4.389187
680    4.370064
700    4.360838
720    4.360579
740    4.351669
760    4.332870
780    4.339427
785    4.333120
800    4.331565
820    4.334971
840    4.327667
Name: train/loss, dtype: float64","step
20     0.630770
40     0.556402
60     0.556204
80     0.542089
100    0.542243
120    0.556805
140    0.542032
160    0.541992
180    0.541833
200    0.541606
208    0.542191
220    0.592897
240    0.541530
260    0.541512
280    0.541545
300    0.541581
320    0.541603
340    0.541623
360    0.541562
380    0.541711
400    0.541616
420    0.541456
437    0.642080
440    0.648679
460    0.541618
480    0.541685
500    0.541706
520    0.541919
540    0.541737
560    0.541721
580    0.541659
600    0.541651
620    0.541771
628    0.541707
640    0.572799
660    0.541898
680    0.541835
700    0.541684
720    0.542066
740    0.541687
760    0.542348
780    0.542195
785    0.542311
800    0.564311
820    0.541785
840    0.541926
Name: train/batch_time, dtype: float64","step
20     0.024073
40     0.024519
60     0.024039
80     0.009868
100    0.009910
120    0.024387
140    0.009696
160    0.009502
180    0.009409
200    0.009295
208    0.009763
220    0.060625
240    0.009402
260    0.009382
280    0.009500
300    0.009527
320    0.009431
340    0.009516
360    0.009465
380    0.009559
400    0.009492
420    0.009476
437    0.110159
440    0.116259
460    0.009538
480    0.009504
500    0.009522
520    0.009436
540    0.009410
560    0.009469
580    0.009386
600    0.009474
620    0.009428
628    0.009517
640    0.040126
660    0.009508
680    0.009438
700    0.009413
720    0.009522
740    0.009313
760    0.010082
780    0.009935
785    0.010022
800    0.031968
820    0.009529
840    0.009573
Name: train/data_time, dtype: float64","step
20     0.000900
40     0.001757
60     0.002614
80     0.002999
100    0.002989
120    0.002971
140    0.002942
160    0.002905
180    0.002859
200    0.002804
208    0.002780
220    0.002742
240    0.002671
260    0.002593
280    0.002508
300    0.002417
320    0.002320
340    0.002218
360    0.002111
380    0.002001
400    0.001887
420    0.001772
437    0.001672
440    0.001654
460    0.001536
480    0.001417
500    0.001299
520    0.001183
540    0.001069
560    0.000957
580    0.000849
600    0.000745
620    0.000646
628    0.000608
640    0.000553
660    0.000466
680    0.000386
700    0.000312
720    0.000247
740    0.000189
760    0.000140
780    0.000100
785    0.000091
800    0.000068
820    0.000046
840    0.000033
Name: train/lr, dtype: float64",37060608,0.9,0.95,8,0.003,0.0,2048.0,50432.0,True,adamw,amp_bfloat16,True,0.0001,256.0,0.0001,840,dataset=rw/hparams=base_warmup=short_decay=chinchilla/params=37M_maxstep=840,37060608.0,37060608.0,17694720.0,57212928.0,153354240.0,269549568.0,317475072.0,222363648.0,106168320.0,222363648.0,37060608.0,44924928.0,"5242880.0      9.262810
15728640.0     7.529136
26214400.0     6.941460
36700160.0     6.644809
47185920.0     6.456903
57671680.0     6.258239
68157440.0     6.076875
78643200.0     5.928154
89128960.0     5.833256
99614720.0     5.681975
106954752.0    5.590664
112197632.0    5.546246
120586240.0    5.439186
131072000.0    5.365359
141557760.0    5.258816
152043520.0    5.177873
162529280.0    5.092671
173015040.0    5.026300
183500800.0    4.963649
193986560.0    4.896916
204472320.0    4.819596
214958080.0    4.748802
224657408.0    4.696316
229900288.0    4.662268
235929600.0    4.634105
246415360.0    4.603591
256901120.0    4.566530
267386880.0    4.533812
277872640.0    4.506008
288358400.0    4.485573
298844160.0    4.461660
309329920.0    4.439709
319815680.0    4.421380
327155712.0    4.414213
332398592.0    4.403291
340787200.0    4.389299
351272960.0    4.373363
361758720.0    4.363827
372244480.0    4.357695
382730240.0    4.348373
393216000.0    4.343533
403701760.0    4.337730
410255360.0    4.334390
415498240.0    4.333350
422051840.0    4.331831
427294720.0    4.331401
Name: _smoothed, dtype: float64",815.0,427294720.0,815.0,1.0,9.501481271033856e+16,427294720.0,4.3314008076985715,37060608,9.501481271033856e+16,4.3314008076985715,17694720.0,4.53651625672704e+16,9.501481271033856e+16
rw,base,short,chinchilla,288.0,8.0,"step
44    7.177469
Name: val/loss, dtype: float64","step
44    0.001623
Name: val/loss_std, dtype: float64","step
20    8.567561
40    7.340004
Name: train/loss, dtype: float64","step
20    0.546969
40    0.463781
Name: train/batch_time, dtype: float64","step
20    0.024484
40    0.009215
Name: train/data_time, dtype: float64","step
20    0.00241
40    0.00013
Name: train/lr, dtype: float64",5621760,0.9,0.95,8,0.003,0.0,2048.0,50432.0,True,adamw,amp_bfloat16,True,0.0001,256.0,0.0001,40,dataset=rw/hparams=base_warmup=short_decay=chinchilla/params=22M_maxstep=40,22487040.0,22487040.0,7962624.0,37601280.0,76087296.0,163233792.0,192136896.0,134922240.0,47775744.0,134922240.0,22487040.0,27205632.0,"5242880.0     8.567561
15728640.0    7.340004
Name: _smoothed, dtype: float64",30.0,15728640.0,30.0,1.0,2122143340953600.0,15728640.0,7.340003561973571,22487040,2122143340953600.0,7.340003561973571,7962624.0,751447478108160.0,2122143340953600.0
rw,base,short,chinchilla,288.0,8.0,"step
45    7.054017
88    6.774821
Name: val/loss, dtype: float64","step
45    0.001649
88    0.001692
Name: val/loss_std, dtype: float64","step
20    8.851797
40    7.428724
60    6.990799
80    6.823276
Name: train/loss, dtype: float64","step
20    0.543363
40    0.463833
60    0.472375
80    0.463352
Name: train/batch_time, dtype: float64","step
20    0.021884
40    0.009271
60    0.017817
80    0.008689
Name: train/data_time, dtype: float64","step
20    0.003000
40    0.002449
60    0.001136
80    0.000133
Name: train/lr, dtype: float64",11243520,0.9,0.95,8,0.003,0.0,2048.0,50432.0,True,adamw,amp_bfloat16,True,0.0001,256.0,0.0001,80,dataset=rw/hparams=base_warmup=short_decay=chinchilla/params=22M_maxstep=80,22487040.0,22487040.0,7962624.0,37601280.0,76087296.0,163233792.0,192136896.0,134922240.0,47775744.0,134922240.0,22487040.0,27205632.0,"5242880.0     8.851797
15728640.0    7.428724
26214400.0    6.990799
36700160.0    6.823276
Name: _smoothed, dtype: float64",70.0,36700160.0,70.0,1.0,4951667795558400.0,36700160.0,6.823275542259214,22487040,4951667795558400.0,6.823275542259214,7962624.0,1753377448919040.0,4951667795558400.0
rw,base,short,chinchilla,384.0,10.0,"step
54     6.816055
107    6.566153
Name: val/loss, dtype: float64","step
54     0.001691
107    0.001724
Name: val/loss_std, dtype: float64","step
20     8.590306
40     7.256865
60     6.867399
80     6.687428
100    6.597896
Name: train/loss, dtype: float64","step
20     0.624142
40     0.556447
60     0.556583
80     0.541879
100    0.541845
Name: train/batch_time, dtype: float64","step
20     0.024220
40     0.024701
60     0.024436
80     0.009851
100    0.009695
Name: train/data_time, dtype: float64","step
20     0.002992
40     0.002547
60     0.001619
80     0.000642
100    0.000074
Name: train/lr, dtype: float64",9265152,0.9,0.95,8,0.003,0.0,2048.0,50432.0,True,adamw,amp_bfloat16,True,0.0001,256.0,0.0001,100,dataset=rw/hparams=base_warmup=short_decay=chinchilla/params=37M_maxstep=100,37060608.0,37060608.0,17694720.0,57212928.0,153354240.0,269549568.0,317475072.0,222363648.0,106168320.0,222363648.0,37060608.0,44924928.0,"5242880.0     8.590306
15728640.0    7.256865
26214400.0    6.867399
36700160.0    6.687428
47185920.0    6.597896
Name: _smoothed, dtype: float64",90.0,47185920.0,90.0,1.0,1.049243330543616e+16,47185920.0,6.597896170616149,37060608,1.049243330543616e+16,6.597896170616149,17694720.0,5009649854054400.0,1.049243330543616e+16
rw,base,short,chinchilla,320.0,9.0,"step
139    6.049037
277    5.582992
Name: val/loss, dtype: float64","step
139    0.00156
277    0.00147
Name: val/loss_std, dtype: float64","step
20     9.288921
40     7.534897
60     6.947578
80     6.649136
100    6.463740
120    6.286466
140    6.123406
160    5.991108
180    5.870429
200    5.765226
208    5.704830
220    5.677491
240    5.628007
260    5.609004
Name: train/loss, dtype: float64","step
20     0.582997
40     0.519506
60     0.499914
80     0.513610
100    0.499484
120    0.499245
140    0.511422
160    0.498834
180    0.498855
200    0.499040
208    0.499442
220    0.526868
240    0.499208
260    0.499035
Name: train/batch_time, dtype: float64","step
20     0.024742
40     0.029378
60     0.009588
80     0.023378
100    0.009121
120    0.009102
140    0.021189
160    0.008664
180    0.008730
200    0.008744
208    0.008864
220    0.036280
240    0.008800
260    0.008601
Name: train/data_time, dtype: float64","step
20     0.001167
40     0.002278
60     0.002995
80     0.002901
100    0.002699
120    0.002403
140    0.002037
160    0.001630
180    0.001214
200    0.000821
208    0.000678
220    0.000484
240    0.000227
260    0.000072
Name: train/lr, dtype: float64",28672000,0.9,0.95,8,0.003,0.0,2048.0,50432.0,True,adamw,amp_bfloat16,True,0.0001,256.0,0.0001,260,dataset=rw/hparams=base_warmup=short_decay=chinchilla/params=28M_maxstep=260,27197440.0,28672000.0,12533760.0,43991040.0,110592000.0,207421440.0,234628992.0,172032000.0,75202560.0,172032000.0,28672000.0,34570240.0,"5242880.0      9.288921
15728640.0     7.534897
26214400.0     6.947578
36700160.0     6.649136
47185920.0     6.463740
57671680.0     6.286466
68157440.0     6.123406
78643200.0     5.991108
89128960.0     5.870429
99614720.0     5.765226
106954752.0    5.704830
112197632.0    5.677491
120586240.0    5.628007
131072000.0    5.609004
Name: _smoothed, dtype: float64",250.0,131072000.0,250.0,1.0,2.2548578304e+16,131072000.0,5.60900430679321,28672000,2.2548578304e+16,5.60900430679321,12533760.0,9856949944320000.0,2.2548578304e+16
rw,base,short,chinchilla,384.0,10.0,"step
1716    3.949577
3430    3.800554
Name: val/loss, dtype: float64","step
1716    0.001752
3430    0.001761
Name: val/loss_std, dtype: float64","step
20      9.262894
40      7.527806
60      6.928085
80      6.624700
100     6.416849
          ...   
3340    3.809057
3360    3.807020
3380    3.807635
3400    3.798407
3420    3.799981
Name: train/loss, Length: 185, dtype: float64","step
20      0.621571
40      0.555983
60      0.559686
80      0.541971
100     0.541607
          ...   
3340    0.541738
3360    0.541599
3380    0.541785
3400    0.541622
3420    0.541593
Name: train/batch_time, Length: 183, dtype: float64","step
20      0.022809
40      0.024278
60      0.027486
80      0.009531
100     0.009260
          ...   
3340    0.009182
3360    0.009189
3380    0.009310
3400    0.009161
3420    0.009130
Name: train/data_time, Length: 185, dtype: float64","step
20      0.000900
40      0.001757
60      0.002614
80      0.003000
100     0.002999
          ...   
3340    0.000035
3360    0.000033
3380    0.000032
3400    0.000031
3420    0.000030
Name: train/lr, Length: 185, dtype: float64",37060608,0.9,0.95,8,0.003,0.0,2048.0,50432.0,True,adamw,amp_bfloat16,True,0.0001,256.0,0.0001,3420,dataset=rw/hparams=base_warmup=short_decay=chinchilla/params=37M_maxstep=3420,37060608.0,37060608.0,17694720.0,57212928.0,153354240.0,269549568.0,317475072.0,222363648.0,106168320.0,222363648.0,37060608.0,44924928.0,"5.242880e+06    9.262894
1.572864e+07    7.527806
2.621440e+07    6.928085
3.670016e+07    6.624700
4.718592e+07    6.416849
                  ...   
1.724908e+09    3.803977
1.727529e+09    3.803373
1.732772e+09    3.803239
1.738015e+09    3.803305
1.743258e+09    3.803701
Name: _smoothed, Length: 185, dtype: float64",3325.0,1743257600.0,3325.0,1.0,3.876371193397248e+17,1743257600.0,3.8037008774280365,37060608,3.876371193397248e+17,3.8037008774280365,17694720.0,1.85078730719232e+17,3.876371193397248e+17
rw,base,short,chinchilla,384.0,10.0,"step
3432    3.801474
6861    3.679849
Name: val/loss, dtype: float64","step
3432    0.001765
6861    0.001797
Name: val/loss_std, dtype: float64","step
20      9.262739
40      7.533498
60      6.929770
80      6.634910
100     6.421385
          ...   
6780    3.675431
6800    3.684326
6820    3.672638
6840    3.684017
6860    3.675766
Name: train/loss, Length: 370, dtype: float64","step
20      0.625417
40      0.580020
60      0.562546
80      0.543675
100     0.543830
          ...   
6780    0.543768
6800    0.543806
6820    0.543605
6840    0.543669
6860    0.543677
Name: train/batch_time, Length: 368, dtype: float64","step
20      0.025405
40      0.046537
60      0.028457
80      0.009462
100     0.009621
          ...   
6780    0.009573
6800    0.009530
6820    0.009479
6840    0.009509
6860    0.009490
Name: train/data_time, Length: 366, dtype: float64","step
20      0.000900
40      0.001757
60      0.002614
80      0.003000
100     0.003000
          ...   
6780    0.000031
6800    0.000031
6820    0.000030
6840    0.000030
6860    0.000030
Name: train/lr, Length: 370, dtype: float64",37060608,0.9,0.95,8,0.003,0.0,2048.0,50432.0,True,adamw,amp_bfloat16,True,0.0001,256.0,0.0001,6860,dataset=rw/hparams=base_warmup=short_decay=chinchilla/params=37M_maxstep=6860,37060608.0,37060608.0,17694720.0,57212928.0,153354240.0,269549568.0,317475072.0,222363648.0,106168320.0,222363648.0,37060608.0,44924928.0,"5.242880e+06    9.262739
1.572864e+07    7.533498
2.621440e+07    6.929770
3.670016e+07    6.634910
4.718592e+07    6.421385
                  ...   
3.489137e+09    3.682958
3.494380e+09    3.682866
3.499622e+09    3.683098
3.504341e+09    3.683886
3.508535e+09    3.683587
Name: _smoothed, Length: 370, dtype: float64",6692.0,3508535296.0,6692.0,1.0,7.801707075553198e+17,3508535296.0,3.683586800725846,37060608,7.801707075553198e+17,3.683586800725846,17694720.0,3.724952980370227e+17,7.801707075553198e+17
rw,base,short,chinchilla,480.0,12.0,"step
554     4.334566
1107    4.048776
Name: val/loss, dtype: float64","step
554     0.001610
1107    0.001676
Name: val/loss_std, dtype: float64","step
20      9.273359
40      7.548671
60      6.975744
80      6.664297
100     6.454889
120     6.313433
140     6.112363
160     5.932741
180     5.800504
200     5.641663
208     5.584001
220     5.507959
240     5.405735
260     5.298172
280     5.188413
300     5.091834
320     4.973197
340     4.868192
360     4.776640
380     4.708606
400     4.639472
420     4.571925
437     4.525253
440     4.520844
460     4.492884
480     4.456824
500     4.432277
520     4.389649
540     4.363293
560     4.348179
580     4.327578
600     4.286767
620     4.276597
628     4.263389
640     4.257640
660     4.237423
680     4.213650
700     4.199458
720     4.191893
740     4.177243
760     4.150913
780     4.150210
785     4.138069
800     4.134309
820     4.130129
840     4.115812
860     4.101451
880     4.101686
900     4.076877
920     4.079008
940     4.067861
960     4.069191
980     4.060467
1000    4.063752
1020    4.059649
1023    4.054549
1040    4.064023
1060    4.054904
1080    4.056167
1100    4.051485
Name: train/loss, dtype: float64","step
20      0.779212
40      0.694453
60      0.678054
80      0.697263
100     0.678593
120     0.678716
140     0.695420
160     0.678780
180     0.678907
200     0.678666
208     0.678688
220     0.705067
240     0.678592
260     0.678650
280     0.697490
300     0.678391
320     0.678627
340     0.678637
360     0.678667
380     0.678576
400     0.678513
420     0.678662
437     0.678809
440     0.788571
460     0.678369
480     0.678575
500     0.678858
520     0.678576
540     0.678506
560     0.696511
580     0.678698
600     0.678439
620     0.678443
628     0.678605
640     0.706379
660     0.678641
680     0.678824
700     0.678737
720     0.678576
740     0.678421
760     0.678538
780     0.678377
785     0.678232
800     0.700559
820     0.678449
840     0.678625
860     0.678955
880     0.678840
900     0.678877
920     0.679026
940     0.679060
960     0.679027
980     0.678989
1000    0.678851
1020    0.678918
1023    0.679171
1040    0.700170
1060    0.678924
1080    0.678759
1100    0.678848
Name: train/batch_time, dtype: float64","step
20      0.045843
40      0.027468
60      0.010734
80      0.029564
100     0.010646
120     0.010751
140     0.027401
160     0.010799
180     0.011072
200     0.010811
208     0.010882
220     0.037330
240     0.010872
260     0.010929
280     0.029875
300     0.010816
320     0.010790
340     0.010909
360     0.010947
380     0.010873
400     0.010841
420     0.010991
437     0.010956
440     0.120415
460     0.010697
480     0.010754
500     0.010836
520     0.010790
540     0.010751
560     0.028766
580     0.011051
600     0.010886
620     0.010846
628     0.011013
640     0.038548
660     0.010793
680     0.010689
700     0.010730
720     0.010760
740     0.010727
760     0.010831
780     0.010752
785     0.010765
800     0.032725
820     0.010827
840     0.010756
860     0.011024
880     0.010883
900     0.010960
920     0.011152
940     0.011103
960     0.011050
980     0.010961
1000    0.011030
1020    0.010949
1023    0.011191
1040    0.032171
1060    0.011025
1080    0.011011
1100    0.010908
Name: train/data_time, dtype: float64","step
20      0.000578
40      0.001128
60      0.001679
80      0.002229
100     0.002780
120     0.002999
140     0.002993
160     0.002981
180     0.002963
200     0.002939
208     0.002928
220     0.002910
240     0.002876
260     0.002835
280     0.002790
300     0.002740
320     0.002684
340     0.002624
360     0.002560
380     0.002492
400     0.002419
420     0.002343
437     0.002276
440     0.002264
460     0.002182
480     0.002097
500     0.002010
520     0.001921
540     0.001830
560     0.001739
580     0.001646
600     0.001552
620     0.001459
628     0.001422
640     0.001366
660     0.001273
680     0.001181
700     0.001091
720     0.001002
740     0.000916
760     0.000831
780     0.000750
785     0.000730
800     0.000671
820     0.000596
840     0.000524
860     0.000457
880     0.000393
900     0.000334
920     0.000280
940     0.000231
960     0.000186
980     0.000147
1000    0.000113
1020    0.000085
1023    0.000082
1040    0.000063
1060    0.000046
1080    0.000035
1100    0.000030
Name: train/lr, dtype: float64",57384960,0.9,0.95,8,0.003,0.0,2048.0,50432.0,True,adamw,amp_bfloat16,True,0.0001,256.0,0.0001,1100,dataset=rw/hparams=base_warmup=short_decay=chinchilla/params=57M_maxstep=1100,57384960.0,57384960.0,33177600.0,82575360.0,269844480.0,415088640.0,486755136.0,344309760.0,199065600.0,344309760.0,57384960.0,69181440.0,"5242880.0      9.273359
15728640.0     7.548671
26214400.0     6.975744
36700160.0     6.664297
47185920.0     6.454889
57671680.0     6.313433
68157440.0     6.112363
78643200.0     5.932741
89128960.0     5.800504
99614720.0     5.641663
106954752.0    5.584001
112197632.0    5.507959
120586240.0    5.405735
131072000.0    5.298172
141557760.0    5.188413
152043520.0    5.091834
162529280.0    4.973197
173015040.0    4.868192
183500800.0    4.776640
193986560.0    4.708606
204472320.0    4.640001
214958080.0    4.578883
224657408.0    4.539341
229900288.0    4.512994
235929600.0    4.490184
246415360.0    4.460662
256901120.0    4.426250
267386880.0    4.395073
277872640.0    4.367040
288358400.0    4.346350
298844160.0    4.320842
309329920.0    4.296981
319815680.0    4.275585
327155712.0    4.265876
332398592.0    4.252817
340787200.0    4.236238
351272960.0    4.216844
361758720.0    4.201667
372244480.0    4.189531
382730240.0    4.173349
393216000.0    4.161665
403701760.0    4.150149
410255360.0    4.140726
415498240.0    4.133706
424673280.0    4.123954
435159040.0    4.116677
445644800.0    4.105191
456130560.0    4.094967
466616320.0    4.085376
477102080.0    4.078924
487587840.0    4.070681
498073600.0    4.068056
508559360.0    4.064184
519045120.0    4.061522
529530880.0    4.060488
535560192.0    4.059376
540803072.0    4.057859
550502400.0    4.056226
558366720.0    4.056645
563609600.0    4.054185
Name: _smoothed, dtype: float64",1075.0,563609600.0,1075.0,1.0,1.94056286109696e+17,563609600.0,4.054185422261544,57384960,1.94056286109696e+17,4.054185422261544,33177600.0,1.1219528318976e+17,1.94056286109696e+17
rw,base,short,chinchilla,384.0,10.0,"step
858     4.190712
1715    3.989729
Name: val/loss, dtype: float64","step
858     0.001651
1715    0.001708
Name: val/loss_std, dtype: float64","step
20      9.262764
40      7.530656
60      6.928669
80      6.648295
100     6.431844
          ...   
1628    3.980586
1640    3.983296
1660    3.994716
1680    3.993850
1700    3.990766
Name: train/loss, Length: 93, dtype: float64","step
20      0.621830
40      0.561147
60      0.555491
80      0.541373
100     0.541377
          ...   
1628    0.541451
1640    0.568014
1660    0.541025
1680    0.541126
1700    0.541458
Name: train/batch_time, Length: 93, dtype: float64","step
20      0.023182
40      0.029959
60      0.024101
80      0.009820
100     0.009956
          ...   
1628    0.009569
1640    0.035772
1660    0.009271
1680    0.009297
1700    0.009422
Name: train/data_time, Length: 93, dtype: float64","step
20      0.000900
40      0.001757
60      0.002614
80      0.003000
100     0.002998
          ...   
1628    0.000050
1640    0.000045
1660    0.000038
1680    0.000033
1700    0.000031
Name: train/lr, Length: 93, dtype: float64",37060608,0.9,0.95,8,0.003,0.0,2048.0,50432.0,True,adamw,amp_bfloat16,True,0.0001,256.0,0.0001,1700,dataset=rw/hparams=base_warmup=short_decay=chinchilla/params=37M_maxstep=1700,37060608.0,37060608.0,17694720.0,57212928.0,153354240.0,269549568.0,317475072.0,222363648.0,106168320.0,222363648.0,37060608.0,44924928.0,"5242880.0      9.262764
15728640.0     7.530656
26214400.0     6.928669
36700160.0     6.648295
47185920.0     6.431844
                 ...   
851443712.0    3.991993
855113728.0    3.991863
858259456.0    3.990541
862453760.0    3.987995
867696640.0    3.988643
Name: _smoothed, Length: 93, dtype: float64",1655.0,867696640.0,1655.0,1.0,1.9294419022774272e+17,867696640.0,3.9886428284645037,37060608,1.9294419022774272e+17,3.9886428284645037,17694720.0,9.21218945384448e+16,1.9294419022774272e+17
rw,base,short,chinchilla,480.0,12.0,"step
70     6.597267
138    6.263178
Name: val/loss, dtype: float64","step
70     0.001718
138    0.001611
Name: val/loss_std, dtype: float64","step
20     8.634401
40     7.283700
60     6.817496
80     6.606470
100    6.449881
120    6.329305
Name: train/loss, dtype: float64","step
20     0.779664
40     0.700752
60     0.680129
80     0.698876
100    0.680318
120    0.680440
Name: train/batch_time, dtype: float64","step
20     0.044065
40     0.031802
60     0.010800
80     0.029358
100    0.010812
120    0.010927
Name: train/data_time, dtype: float64","step
20     0.002333
40     0.002901
60     0.002398
80     0.001620
100    0.000809
120    0.000219
Name: train/lr, dtype: float64",14346240,0.9,0.95,8,0.003,0.0,2048.0,50432.0,True,adamw,amp_bfloat16,True,0.0001,256.0,0.0001,120,dataset=rw/hparams=base_warmup=short_decay=chinchilla/params=57M_maxstep=120,57384960.0,57384960.0,33177600.0,82575360.0,269844480.0,415088640.0,486755136.0,344309760.0,199065600.0,344309760.0,57384960.0,69181440.0,"5242880.0     8.634401
15728640.0    7.283700
26214400.0    6.817496
36700160.0    6.606470
47185920.0    6.449881
57671680.0    6.329305
Name: _smoothed, dtype: float64",110.0,57671680.0,110.0,1.0,1.98569222995968e+16,57671680.0,6.329304528236392,57384960,1.98569222995968e+16,6.329304528236392,33177600.0,1.1480447582208e+16,1.98569222995968e+16
rw,base,short,chinchilla,320.0,9.0,"step
70     6.634249
138    6.336496
Name: val/loss, dtype: float64","step
70     0.001713
138    0.001642
Name: val/loss_std, dtype: float64","step
20     8.883456
40     7.354113
60     6.852409
80     6.640165
100    6.496413
120    6.394359
Name: train/loss, dtype: float64","step
20     0.581341
40     0.513292
60     0.499699
80     0.511643
100    0.499283
120    0.499042
Name: train/batch_time, dtype: float64","step
20     0.024536
40     0.023148
60     0.009535
80     0.021622
100    0.009125
120    0.008946
Name: train/data_time, dtype: float64","step
20     0.002333
40     0.002901
60     0.002398
80     0.001620
100    0.000809
120    0.000219
Name: train/lr, dtype: float64",14336000,0.9,0.95,8,0.003,0.0,2048.0,50432.0,True,adamw,amp_bfloat16,True,0.0001,256.0,0.0001,120,dataset=rw/hparams=base_warmup=short_decay=chinchilla/params=28M_maxstep=120,27197440.0,28672000.0,12533760.0,43991040.0,110592000.0,207421440.0,234628992.0,172032000.0,75202560.0,172032000.0,28672000.0,34570240.0,"5242880.0     8.883456
15728640.0    7.354113
26214400.0    6.852409
36700160.0    6.640165
47185920.0    6.496413
57671680.0    6.394359
Name: _smoothed, dtype: float64",110.0,57671680.0,110.0,1.0,9921374453760000.0,57671680.0,6.39435887336731,28672000,9921374453760000.0,6.39435887336731,12533760.0,4337057975500800.0,9921374453760000.0
rw,base,short,chinchilla,480.0,12.0,"step
139    5.992903
276    5.441220
Name: val/loss, dtype: float64","step
139    0.001550
276    0.001437
Name: val/loss_std, dtype: float64","step
20     8.868626
40     7.407884
60     6.861206
80     6.606683
100    6.411805
120    6.250656
140    6.072223
160    5.905585
180    5.781143
200    5.660283
208    5.590818
220    5.555831
240    5.495921
260    5.470176
Name: train/loss, dtype: float64","step
20     0.794397
40     0.696138
60     0.678264
80     0.695949
100    0.678516
120    0.678608
140    0.698943
160    0.678550
180    0.678627
200    0.678847
208    0.678857
220    0.705826
240    0.678445
260    0.678345
Name: train/batch_time, dtype: float64","step
20     0.059112
40     0.028994
60     0.011015
80     0.028522
100    0.011037
120    0.011230
140    0.031323
160    0.011186
180    0.011178
200    0.011228
208    0.011348
220    0.037091
240    0.010681
260    0.010674
Name: train/data_time, dtype: float64","step
20     0.001167
40     0.002278
60     0.002995
80     0.002901
100    0.002696
120    0.002398
140    0.002029
160    0.001620
180    0.001202
200    0.000809
208    0.000666
220    0.000472
240    0.000219
260    0.000068
Name: train/lr, dtype: float64",28692480,0.9,0.95,8,0.003,0.0,2048.0,50432.0,True,adamw,amp_bfloat16,True,0.0001,256.0,0.0001,260,dataset=rw/hparams=base_warmup=short_decay=chinchilla/params=57M_maxstep=260,57384960.0,57384960.0,33177600.0,82575360.0,269844480.0,415088640.0,486755136.0,344309760.0,199065600.0,344309760.0,57384960.0,69181440.0,"5242880.0      8.868626
15728640.0     7.407884
26214400.0     6.861206
36700160.0     6.606683
47185920.0     6.411805
57671680.0     6.250656
68157440.0     6.072223
78643200.0     5.905585
89128960.0     5.781143
99614720.0     5.660283
106954752.0    5.590818
112197632.0    5.555831
120586240.0    5.495921
131072000.0    5.470176
Name: _smoothed, dtype: float64",250.0,131072000.0,250.0,1.0,4.512936886272e+16,131072000.0,5.470175623893738,57384960,4.512936886272e+16,5.470175623893738,33177600.0,2.60919263232e+16,4.512936886272e+16
rw,base,short,chinchilla,384.0,10.0,"step
215    5.472298
428    4.973980
Name: val/loss, dtype: float64","step
215    0.001419
428    0.001372
Name: val/loss_std, dtype: float64","step
20     9.262890
40     7.527711
60     6.926568
80     6.636335
100    6.419130
120    6.223062
140    6.040263
160    5.889920
180    5.757575
200    5.624544
208    5.558731
220    5.495684
240    5.397951
260    5.319291
280    5.229268
300    5.162283
320    5.098531
340    5.059813
360    5.029368
380    5.007041
400    4.984038
420    4.965567
Name: train/loss, dtype: float64","step
20     0.621744
40     0.555565
60     0.556838
80     0.541071
100    0.540817
120    0.555611
140    0.540957
160    0.541023
180    0.540963
200    0.541091
208    0.541480
220    0.592483
240    0.540743
260    0.540925
280    0.540813
300    0.540697
320    0.540649
340    0.540517
360    0.540678
380    0.540527
400    0.540555
420    0.540585
Name: train/batch_time, dtype: float64","step
20     0.023454
40     0.024625
60     0.025366
80     0.009738
100    0.009544
120    0.024263
140    0.009577
160    0.009819
180    0.009669
200    0.009609
208    0.009988
220    0.060431
240    0.009354
260    0.009446
280    0.009464
300    0.009416
320    0.009423
340    0.009374
360    0.009511
380    0.009396
400    0.009404
420    0.009457
Name: train/data_time, dtype: float64","step
20     0.000900
40     0.001757
60     0.002614
80     0.002994
100    0.002949
120    0.002859
140    0.002729
160    0.002560
180    0.002360
200    0.002134
208    0.002038
220    0.001889
240    0.001632
260    0.001372
280    0.001116
300    0.000872
320    0.000648
340    0.000451
360    0.000287
380    0.000160
400    0.000075
420    0.000034
Name: train/lr, dtype: float64",37060608,0.9,0.95,8,0.003,0.0,2048.0,50432.0,True,adamw,amp_bfloat16,True,0.0001,256.0,0.0001,420,dataset=rw/hparams=base_warmup=short_decay=chinchilla/params=37M_maxstep=420,37060608.0,37060608.0,17694720.0,57212928.0,153354240.0,269549568.0,317475072.0,222363648.0,106168320.0,222363648.0,37060608.0,44924928.0,"5242880.0      9.262890
15728640.0     7.527711
26214400.0     6.926568
36700160.0     6.636335
47185920.0     6.419130
57671680.0     6.223062
68157440.0     6.040263
78643200.0     5.889920
89128960.0     5.757575
99614720.0     5.624544
106954752.0    5.558731
112197632.0    5.495684
120586240.0    5.397951
131072000.0    5.319291
141557760.0    5.229268
152043520.0    5.162283
162529280.0    5.098531
173015040.0    5.059813
183500800.0    5.029368
193986560.0    5.007041
204472320.0    4.985549
212336640.0    4.974803
Name: _smoothed, dtype: float64",405.0,212336640.0,405.0,1.0,4.721594987446272e+16,212336640.0,4.97480269670487,37060608,4.721594987446272e+16,4.97480269670487,17694720.0,2.25434243432448e+16,4.721594987446272e+16
rw,base,short,chinchilla,480.0,12.0,"step
2216    3.776826
4431    3.628218
Name: val/loss, dtype: float64","step
2216    0.001792
4431    0.001831
Name: val/loss_std, dtype: float64","step
20      9.273371
40      7.548947
60      6.964837
80      6.633040
100     6.436453
          ...   
4360    3.634705
4380    3.621469
4400    3.623389
4420    3.632540
4424    3.624282
Name: train/loss, Length: 240, dtype: float64","step
20      0.779220
40      0.697454
60      0.678393
80      0.696746
100     0.678810
          ...   
4360    0.678653
4380    0.678439
4400    0.678578
4420    0.678640
4424    0.678809
Name: train/batch_time, Length: 240, dtype: float64","step
20      0.044550
40      0.030571
60      0.011103
80      0.029294
100     0.011116
          ...   
4360    0.011017
4380    0.010954
4400    0.010901
4420    0.011085
4424    0.011450
Name: train/data_time, Length: 240, dtype: float64","step
20      0.000578
40      0.001128
60      0.001679
80      0.002229
100     0.002780
          ...   
4360    0.000032
4380    0.000031
4400    0.000030
4420    0.000030
4424    0.000030
Name: train/lr, Length: 240, dtype: float64",57384960,0.9,0.95,8,0.003,0.0,2048.0,50432.0,True,adamw,amp_bfloat16,True,0.0001,256.0,0.0001,4424,dataset=rw/hparams=base_warmup=short_decay=chinchilla/params=57M_maxstep=4424,57384960.0,57384960.0,33177600.0,82575360.0,269844480.0,415088640.0,486755136.0,344309760.0,199065600.0,344309760.0,57384960.0,69181440.0,"5.242880e+06    9.273371
1.572864e+07    7.548947
2.621440e+07    6.964837
3.670016e+07    6.633040
4.718592e+07    6.436453
                  ...   
2.248933e+09    3.629909
2.252603e+09    3.630419
2.257060e+09    3.629885
2.262303e+09    3.629121
2.267546e+09    3.629109
Name: _smoothed, Length: 240, dtype: float64",4325.0,2267545600.0,4325.0,1.0,7.80738081325056e+17,2267545600.0,3.6291092908098506,57384960,7.80738081325056e+17,3.6291092908098506,33177600.0,4.5139032539136e+17,7.80738081325056e+17
rw,base,short,chinchilla,320.0,9.0,"step
278    5.335506
554    4.907650
Name: val/loss, dtype: float64","step
278    0.001420
554    0.001382
Name: val/loss_std, dtype: float64","step
20     9.288889
40     7.531054
60     6.975341
80     6.677044
100    6.480470
120    6.309289
140    6.151641
160    5.992052
180    5.873678
200    5.751825
208    5.668877
220    5.630323
240    5.538488
260    5.458632
280    5.370800
300    5.296371
320    5.223952
340    5.170620
360    5.126717
380    5.084098
400    5.039102
420    4.995500
437    4.967282
440    4.959381
460    4.953417
480    4.936253
500    4.932351
520    4.914287
540    4.907167
Name: train/loss, dtype: float64","step
20     0.582576
40     0.510375
60     0.499714
80     0.511693
100    0.498910
120    0.498930
140    0.512484
160    0.498987
180    0.498700
200    0.498957
208    0.498722
220    0.527844
240    0.498772
260    0.498860
280    0.528188
300    0.498547
320    0.498908
340    0.498641
360    0.498525
380    0.498467
400    0.498451
420    0.498740
437    0.498613
440    0.609231
460    0.498816
480    0.498888
500    0.498946
520    0.499029
540    0.498801
Name: train/batch_time, dtype: float64","step
20     0.022887
40     0.020515
60     0.009259
80     0.021448
100    0.008631
120    0.008623
140    0.022241
160    0.008789
180    0.008551
200    0.008697
208    0.008534
220    0.037263
240    0.008543
260    0.008462
280    0.037982
300    0.008458
320    0.008435
340    0.008401
360    0.008330
380    0.008369
400    0.008324
420    0.008456
437    0.008387
440    0.117815
460    0.008565
480    0.008639
500    0.008735
520    0.008684
540    0.008527
Name: train/data_time, dtype: float64","step
20     0.001167
40     0.002278
60     0.002999
80     0.002980
100    0.002938
120    0.002874
140    0.002788
160    0.002683
180    0.002558
200    0.002418
208    0.002357
220    0.002263
240    0.002096
260    0.001920
280    0.001738
300    0.001552
320    0.001366
340    0.001182
360    0.001003
380    0.000833
400    0.000673
420    0.000526
437    0.000414
440    0.000395
460    0.000282
480    0.000188
500    0.000115
520    0.000064
540    0.000036
Name: train/lr, dtype: float64",28672000,0.9,0.95,8,0.003,0.0,2048.0,50432.0,True,adamw,amp_bfloat16,True,0.0001,256.0,0.0001,540,dataset=rw/hparams=base_warmup=short_decay=chinchilla/params=28M_maxstep=540,27197440.0,28672000.0,12533760.0,43991040.0,110592000.0,207421440.0,234628992.0,172032000.0,75202560.0,172032000.0,28672000.0,34570240.0,"5242880.0      9.288889
15728640.0     7.531054
26214400.0     6.975341
36700160.0     6.677044
47185920.0     6.480470
57671680.0     6.309289
68157440.0     6.151641
78643200.0     5.992052
89128960.0     5.873678
99614720.0     5.751825
106954752.0    5.668877
112197632.0    5.630323
120586240.0    5.538488
131072000.0    5.458632
141557760.0    5.370800
152043520.0    5.296371
162529280.0    5.223952
173015040.0    5.170620
183500800.0    5.126717
193986560.0    5.084098
204472320.0    5.039567
214958080.0    5.000628
224657408.0    4.974054
229900288.0    4.960027
235929600.0    4.949684
246415360.0    4.940674
256901120.0    4.927631
267386880.0    4.917935
275251200.0    4.910727
Name: _smoothed, dtype: float64",525.0,275251200.0,525.0,1.0,4.73520144384e+16,275251200.0,4.91072727441788,28672000,4.73520144384e+16,4.91072727441788,12533760.0,2.0699594883072e+16,4.73520144384e+16
rw,base,short,chinchilla,480.0,12.0,"step
1108    3.983611
2215    3.790617
Name: val/loss, dtype: float64","step
1108    0.001680
2215    0.001768
Name: val/loss_std, dtype: float64","step
20      9.273355
40      7.548552
60      6.963660
80      6.641125
100     6.456632
          ...   
2140    3.793455
2160    3.796181
2180    3.793824
2187    3.790199
2200    3.789101
Name: train/loss, Length: 121, dtype: float64","step
20      0.781260
40      0.695193
60      0.679131
80      0.706166
100     0.679321
          ...   
2140    0.695886
2160    0.679620
2180    0.679357
2187    0.679526
2200    0.705147
Name: train/batch_time, Length: 121, dtype: float64","step
20      0.047456
40      0.027687
60      0.010951
80      0.037890
100     0.010935
          ...   
2140    0.027379
2160    0.011172
2180    0.011039
2187    0.011284
2200    0.036160
Name: train/data_time, Length: 121, dtype: float64","step
20      0.000578
40      0.001128
60      0.001679
80      0.002229
100     0.002780
          ...   
2140    0.000039
2160    0.000035
2180    0.000032
2187    0.000031
2200    0.000030
Name: train/lr, Length: 121, dtype: float64",57384960,0.9,0.95,8,0.003,0.0,2048.0,50432.0,True,adamw,amp_bfloat16,True,0.0001,256.0,0.0001,2200,dataset=rw/hparams=base_warmup=short_decay=chinchilla/params=57M_maxstep=2200,57384960.0,57384960.0,33177600.0,82575360.0,269844480.0,415088640.0,486755136.0,344309760.0,199065600.0,344309760.0,57384960.0,69181440.0,"5.242880e+06    9.273355
1.572864e+07    7.548552
2.621440e+07    6.963660
3.670016e+07    6.641125
4.718592e+07    6.456632
                  ...   
1.114112e+09    3.796078
1.119355e+09    3.794896
1.124598e+09    3.794696
1.129841e+09    3.794858
1.132462e+09    3.794858
Name: _smoothed, Length: 121, dtype: float64",2160.0,1132462080.0,2160.0,1.0,3.899177469739008e+17,1132462080.0,3.794857796993881,57384960,3.899177469739008e+17,3.794857796993881,33177600.0,2.25434243432448e+17,3.899177469739008e+17
rw,base,short,chinchilla,320.0,9.0,"step
1109    4.176044
2217    4.000151
Name: val/loss, dtype: float64","step
1109    0.001654
2217    0.001704
Name: val/loss_std, dtype: float64","step
20      9.288883
40      7.538270
60      6.961196
80      6.669043
100     6.482131
          ...   
2140    4.002705
2160    4.006002
2180    4.002414
2187    3.999558
2200    3.999634
Name: train/loss, Length: 121, dtype: float64","step
20      0.581444
40      0.515163
60      0.499522
80      0.513728
100     0.499273
          ...   
2140    0.516226
2160    0.499171
2180    0.499188
2187    0.499510
2200    0.561913
Name: train/batch_time, Length: 121, dtype: float64","step
20      0.023465
40      0.024659
60      0.009042
80      0.023429
100     0.008944
          ...   
2140    0.025748
2160    0.008738
2180    0.008860
2187    0.009293
2200    0.071619
Name: train/data_time, Length: 121, dtype: float64","step
20      0.001167
40      0.002278
60      0.003000
80      0.002999
100     0.002997
          ...   
2140    0.000039
2160    0.000035
2180    0.000032
2187    0.000031
2200    0.000030
Name: train/lr, Length: 121, dtype: float64",28672000,0.9,0.95,8,0.003,0.0,2048.0,50432.0,True,adamw,amp_bfloat16,True,0.0001,256.0,0.0001,2200,dataset=rw/hparams=base_warmup=short_decay=chinchilla/params=28M_maxstep=2200,27197440.0,28672000.0,12533760.0,43991040.0,110592000.0,207421440.0,234628992.0,172032000.0,75202560.0,172032000.0,28672000.0,34570240.0,"5.242880e+06    9.288883
1.572864e+07    7.538270
2.621440e+07    6.961196
3.670016e+07    6.669043
4.718592e+07    6.482131
                  ...   
1.114112e+09    4.005555
1.119355e+09    4.004370
1.124598e+09    4.004123
1.129841e+09    4.004218
1.132462e+09    4.004218
Name: _smoothed, Length: 121, dtype: float64",2160.0,1132462080.0,2160.0,1.0,1.9481971654656e+17,1132462080.0,4.00421842349754,28672000,1.9481971654656e+17,4.00421842349754,12533760.0,8.51640475189248e+16,1.9481971654656e+17
rw,base,short,chinchilla,320.0,9.0,"step
555     4.568308
1108    4.287589
Name: val/loss, dtype: float64","step
555     0.001460
1108    0.001565
Name: val/loss_std, dtype: float64","step
20      9.288887
40      7.549851
60      6.979331
80      6.682033
100     6.485378
120     6.318241
140     6.154909
160     5.997630
180     5.885258
200     5.752122
208     5.700221
220     5.633229
240     5.541878
260     5.458293
280     5.365803
300     5.284616
320     5.210767
340     5.140591
360     5.084429
380     5.026859
400     4.959430
420     4.889963
437     4.827048
440     4.801489
460     4.774621
480     4.722771
500     4.687616
520     4.636825
540     4.604508
560     4.585081
580     4.558187
600     4.516265
620     4.505723
628     4.488817
640     4.484282
660     4.462324
680     4.439224
700     4.424765
720     4.418284
740     4.403718
760     4.379714
780     4.378093
785     4.367240
800     4.363246
820     4.359873
840     4.345678
860     4.332329
880     4.334364
900     4.310271
920     4.312867
940     4.303595
960     4.305121
980     4.297664
1000    4.301509
1020    4.296269
1023    4.293841
1040    4.301305
1060    4.293808
1080    4.295134
1100    4.288826
Name: train/loss, dtype: float64","step
20      0.581180
40      0.512274
60      0.498602
80      0.511274
100     0.498468
120     0.498389
140     0.511898
160     0.498789
180     0.498520
200     0.498875
208     0.498571
220     0.525438
240     0.498436
260     0.498487
280     0.511668
300     0.498431
320     0.498303
340     0.498307
360     0.498231
380     0.498511
400     0.498406
420     0.498333
437     0.498303
440     0.610258
460     0.498318
480     0.498429
500     0.498563
520     0.498313
540     0.498366
560     0.514624
580     0.498361
600     0.498175
620     0.498165
628     0.498116
640     0.525168
660     0.498535
680     0.498510
700     0.498382
720     0.498336
740     0.498286
760     0.498349
780     0.498307
785     0.499065
800     0.520171
820     0.498513
840     0.498448
860     0.498391
880     0.498302
900     0.498500
920     0.498214
940     0.498419
960     0.498677
980     0.498774
1000    0.498472
1020    0.498434
1023    0.498850
1040    0.517178
1060    0.498313
1080    0.498408
1100    0.498335
Name: train/batch_time, dtype: float64","step
20      0.024318
40      0.022461
60      0.008633
80      0.021461
100     0.008573
120     0.008536
140     0.021913
160     0.008996
180     0.008667
200     0.008967
208     0.008851
220     0.035423
240     0.008666
260     0.008716
280     0.022017
300     0.008859
320     0.008722
340     0.008626
360     0.008652
380     0.008789
400     0.008796
420     0.008765
437     0.008768
440     0.118711
460     0.008718
480     0.008808
500     0.008818
520     0.008755
540     0.008806
560     0.025012
580     0.008735
600     0.008694
620     0.008555
628     0.008588
640     0.035155
660     0.008613
680     0.008626
700     0.008646
720     0.008592
740     0.008787
760     0.008813
780     0.008785
785     0.009057
800     0.030099
820     0.008795
840     0.008810
860     0.008693
880     0.008719
900     0.008858
920     0.008736
940     0.008813
960     0.008866
980     0.009057
1000    0.008906
1020    0.008822
1023    0.009338
1040    0.027178
1060    0.008678
1080    0.008615
1100    0.008607
Name: train/data_time, dtype: float64","step
20      0.001167
40      0.002278
60      0.003000
80      0.002996
100     0.002986
120     0.002971
140     0.002951
160     0.002926
180     0.002896
200     0.002862
208     0.002846
220     0.002822
240     0.002778
260     0.002729
280     0.002676
300     0.002618
320     0.002557
340     0.002492
360     0.002424
380     0.002352
400     0.002278
420     0.002201
437     0.002133
440     0.002121
460     0.002039
480     0.001955
500     0.001870
520     0.001784
540     0.001696
560     0.001608
580     0.001519
600     0.001431
620     0.001343
628     0.001308
640     0.001255
660     0.001169
680     0.001083
700     0.000999
720     0.000917
740     0.000837
760     0.000760
780     0.000685
785     0.000667
800     0.000613
820     0.000544
840     0.000479
860     0.000418
880     0.000360
900     0.000306
920     0.000257
940     0.000212
960     0.000172
980     0.000137
1000    0.000106
1020    0.000081
1023    0.000077
1040    0.000060
1060    0.000045
1080    0.000035
1100    0.000030
Name: train/lr, dtype: float64",28672000,0.9,0.95,8,0.003,0.0,2048.0,50432.0,True,adamw,amp_bfloat16,True,0.0001,256.0,0.0001,1100,dataset=rw/hparams=base_warmup=short_decay=chinchilla/params=28M_maxstep=1100,27197440.0,28672000.0,12533760.0,43991040.0,110592000.0,207421440.0,234628992.0,172032000.0,75202560.0,172032000.0,28672000.0,34570240.0,"5242880.0      9.288887
15728640.0     7.549851
26214400.0     6.979331
36700160.0     6.682033
47185920.0     6.485378
57671680.0     6.318241
68157440.0     6.154909
78643200.0     5.997630
89128960.0     5.885258
99614720.0     5.752122
106954752.0    5.700221
112197632.0    5.633229
120586240.0    5.541878
131072000.0    5.458293
141557760.0    5.365803
152043520.0    5.284616
162529280.0    5.210767
173015040.0    5.140591
183500800.0    5.084429
193986560.0    5.026859
204472320.0    4.958750
214958080.0    4.892147
224657408.0    4.839500
229900288.0    4.801053
235929600.0    4.766294
246415360.0    4.728336
256901120.0    4.682404
267386880.0    4.642983
277872640.0    4.608805
288358400.0    4.582592
298844160.0    4.553178
309329920.0    4.526725
319815680.0    4.503602
327155712.0    4.492941
332398592.0    4.478474
340787200.0    4.461944
351272960.0    4.442105
361758720.0    4.427425
372244480.0    4.415589
382730240.0    4.400572
393216000.0    4.389410
403701760.0    4.378402
410255360.0    4.369633
415498240.0    4.362826
424673280.0    4.353673
435159040.0    4.347098
445644800.0    4.336503
456130560.0    4.327102
466616320.0    4.318685
477102080.0    4.313244
487587840.0    4.305904
498073600.0    4.304151
508559360.0    4.300832
519045120.0    4.298881
529530880.0    4.298118
535560192.0    4.297347
540803072.0    4.296072
550502400.0    4.294583
558366720.0    4.294768
563609600.0    4.292589
Name: _smoothed, dtype: float64",1075.0,563609600.0,1075.0,1.0,9.69588867072e+16,563609600.0,4.292589330673214,28672000,9.69588867072e+16,4.292589330673214,12533760.0,4.2384884760576e+16,9.69588867072e+16
rw,base,short,chinchilla,480.0,12.0,"step
277    5.109934
553    4.485437
Name: val/loss, dtype: float64","step
277    0.001397
553    0.001495
Name: val/loss_std, dtype: float64","step
20     9.273375
40     7.549005
60     6.960332
80     6.632914
100    6.455084
120    6.306031
140    6.119218
160    5.943573
180    5.795254
200    5.642686
208    5.540672
220    5.499688
240    5.371709
260    5.272063
280    5.149956
300    5.056775
320    4.949591
340    4.857994
360    4.775928
380    4.713057
400    4.654872
420    4.596899
437    4.562275
440    4.548953
460    4.540973
480    4.522700
500    4.515241
520    4.492689
540    4.486922
Name: train/loss, dtype: float64","step
20     0.779167
40     0.699694
60     0.678663
80     0.697149
100    0.678776
120    0.678918
140    0.703224
160    0.678689
180    0.678754
200    0.678822
208    0.678684
220    0.706973
240    0.678952
260    0.678729
280    0.697624
300    0.678601
320    0.678838
340    0.678676
360    0.678856
380    0.678800
400    0.678869
420    0.678723
437    0.678818
440    0.789645
460    0.678862
480    0.678717
500    0.678673
520    0.678715
540    0.678627
Name: train/batch_time, dtype: float64","step
20     0.044434
40     0.032530
60     0.010985
80     0.029381
100    0.010856
120    0.010989
140    0.035196
160    0.010809
180    0.010903
200    0.010927
208    0.010818
220    0.038551
240    0.010883
260    0.010694
280    0.029571
300    0.010719
320    0.010767
340    0.010818
360    0.010799
380    0.010846
400    0.010791
420    0.010716
437    0.010938
440    0.121349
460    0.011047
480    0.010979
500    0.010856
520    0.010930
540    0.010862
Name: train/data_time, dtype: float64","step
20     0.000578
40     0.001128
60     0.001679
80     0.002229
100    0.002780
120    0.002996
140    0.002964
160    0.002904
180    0.002817
200    0.002703
208    0.002650
220    0.002565
240    0.002406
260    0.002230
280    0.002039
300    0.001838
320    0.001630
340    0.001420
360    0.001212
380    0.001010
400    0.000818
420    0.000640
437    0.000503
440    0.000480
460    0.000340
480    0.000224
500    0.000133
520    0.000070
540    0.000036
Name: train/lr, dtype: float64",57384960,0.9,0.95,8,0.003,0.0,2048.0,50432.0,True,adamw,amp_bfloat16,True,0.0001,256.0,0.0001,540,dataset=rw/hparams=base_warmup=short_decay=chinchilla/params=57M_maxstep=540,57384960.0,57384960.0,33177600.0,82575360.0,269844480.0,415088640.0,486755136.0,344309760.0,199065600.0,344309760.0,57384960.0,69181440.0,"5242880.0      9.273375
15728640.0     7.549005
26214400.0     6.960332
36700160.0     6.632914
47185920.0     6.455084
57671680.0     6.306031
68157440.0     6.119218
78643200.0     5.943573
89128960.0     5.795254
99614720.0     5.642686
106954752.0    5.540672
112197632.0    5.499688
120586240.0    5.371709
131072000.0    5.272063
141557760.0    5.149956
152043520.0    5.056775
162529280.0    4.949591
173015040.0    4.857994
183500800.0    4.775928
193986560.0    4.713057
204472320.0    4.654942
214958080.0    4.604682
224657408.0    4.569376
229900288.0    4.550734
235929600.0    4.537542
246415360.0    4.526304
256901120.0    4.510210
267386880.0    4.498284
275251200.0    4.489806
Name: _smoothed, dtype: float64",525.0,275251200.0,525.0,1.0,9.4771674611712e+16,275251200.0,4.489805924892423,57384960,9.4771674611712e+16,4.489805924892423,33177600.0,5.479304527872e+16,9.4771674611712e+16
rw,base,short,chinchilla,288.0,8.0,"step
177    5.845871
353    5.425007
Name: val/loss, dtype: float64","step
177    0.001510
353    0.001405
Name: val/loss_std, dtype: float64","step
20     9.241557
40     7.532237
60     6.948671
80     6.659948
100    6.475329
120    6.308571
140    6.152467
160    6.013160
180    5.899826
200    5.783167
208    5.714725
220    5.674728
240    5.607011
260    5.557398
280    5.500168
300    5.466417
320    5.436837
340    5.429191
Name: train/loss, dtype: float64","step
20     0.543945
40     0.463682
60     0.472865
80     0.463353
100    0.471670
120    0.463644
140    0.463370
160    0.463201
180    0.472323
200    0.463187
208    0.463384
220    0.491178
240    0.462717
260    0.463396
280    0.463584
300    0.463539
320    0.463495
340    0.463039
Name: train/batch_time, dtype: float64","step
20     0.021962
40     0.009312
60     0.017919
80     0.008789
100    0.017074
120    0.009051
140    0.009003
160    0.008535
180    0.017963
200    0.008653
208    0.008959
220    0.036029
240    0.008254
260    0.008748
280    0.009119
300    0.009115
320    0.009334
340    0.008780
Name: train/data_time, dtype: float64","step
20     0.001500
40     0.002929
60     0.002976
80     0.002892
100    0.002752
120    0.002562
140    0.002330
160    0.002064
180    0.001776
200    0.001478
208    0.001358
220    0.001180
240    0.000897
260    0.000639
280    0.000416
300    0.000238
320    0.000112
340    0.000043
Name: train/lr, dtype: float64",22487040,0.9,0.95,8,0.003,0.0,2048.0,50432.0,True,adamw,amp_bfloat16,True,0.0001,256.0,0.0001,340,dataset=rw/hparams=base_warmup=short_decay=chinchilla/params=22M_maxstep=340,22487040.0,22487040.0,7962624.0,37601280.0,76087296.0,163233792.0,192136896.0,134922240.0,47775744.0,134922240.0,22487040.0,27205632.0,"5242880.0      9.241557
15728640.0     7.532237
26214400.0     6.948671
36700160.0     6.659948
47185920.0     6.475329
57671680.0     6.308571
68157440.0     6.152467
78643200.0     6.013160
89128960.0     5.899826
99614720.0     5.783167
106954752.0    5.714725
112197632.0    5.674728
120586240.0    5.607011
131072000.0    5.557398
141557760.0    5.500168
152043520.0    5.466417
162529280.0    5.436837
173015040.0    5.429191
Name: _smoothed, dtype: float64",330.0,173015040.0,330.0,1.0,2.33435767504896e+16,173015040.0,5.429190516471863,22487040,2.33435767504896e+16,5.429190516471863,7962624.0,8265922259189760.0,2.33435767504896e+16
rw,base,short,chinchilla,288.0,8.0,"step
707     4.480792
1413    4.261148
Name: val/loss, dtype: float64","step
707     0.001486
1413    0.001605
Name: val/loss_std, dtype: float64","step
20      9.241553
40      7.532278
60      6.949043
80      6.663217
100     6.475427
          ...   
1320    4.269282
1340    4.272522
1360    4.266847
1380    4.271582
1400    4.259605
Name: train/loss, Length: 76, dtype: float64","step
20      0.545295
40      0.464794
60      0.473158
80      0.463806
100     0.474286
          ...   
1320    0.463766
1340    0.463874
1360    0.463913
1380    0.463698
1400    0.463920
Name: train/batch_time, Length: 76, dtype: float64","step
20      0.023083
40      0.009795
60      0.017243
80      0.008681
100     0.019059
          ...   
1320    0.008748
1340    0.008765
1360    0.008864
1380    0.008722
1400    0.008826
Name: train/data_time, Length: 76, dtype: float64","step
20      0.001500
40      0.002929
60      0.002999
80      0.002994
100     0.002987
          ...   
1320    0.000064
1340    0.000051
1360    0.000041
1380    0.000034
1400    0.000031
Name: train/lr, Length: 76, dtype: float64",22487040,0.9,0.95,8,0.003,0.0,2048.0,50432.0,True,adamw,amp_bfloat16,True,0.0001,256.0,0.0001,1400,dataset=rw/hparams=base_warmup=short_decay=chinchilla/params=22M_maxstep=1400,22487040.0,22487040.0,7962624.0,37601280.0,76087296.0,163233792.0,192136896.0,134922240.0,47775744.0,134922240.0,22487040.0,27205632.0,"5242880.0      9.241553
15728640.0     7.532278
26214400.0     6.949043
36700160.0     6.663217
47185920.0     6.475427
                 ...   
686817280.0    4.267651
697303040.0    4.266871
705167360.0    4.267987
710410240.0    4.267967
715653120.0    4.267639
Name: _smoothed, Length: 76, dtype: float64",1365.0,715653120.0,1365.0,1.0,9.65575220133888e+16,715653120.0,4.267638784646991,22487040,9.65575220133888e+16,4.267638784646991,7962624.0,3.419086025392128e+16,9.65575220133888e+16
rw,base,short,chinchilla,480.0,12.0,"step
4432    3.640424
8863    3.517043
Name: val/loss, dtype: float64","step
4432    0.001847
8863    0.001870
Name: val/loss_std, dtype: float64","step
20      9.273373
40      7.549177
60      6.964279
80      6.637773
100     6.443394
          ...   
8780    3.529573
8800    3.523967
8820    3.517157
8840    3.511803
8860    3.521664
Name: train/loss, Length: 479, dtype: float64","step
20      0.793972
40      0.702928
60      0.680572
80      0.696964
100     0.680672
          ...   
8780    0.680638
8800    0.680655
8820    0.680637
8840    0.680816
8860    0.680568
Name: train/batch_time, Length: 477, dtype: float64","step
20      0.043799
40      0.034032
60      0.010887
80      0.027168
100     0.010844
          ...   
8780    0.010886
8800    0.010906
8820    0.010821
8840    0.010897
8860    0.010783
Name: train/data_time, Length: 477, dtype: float64","step
20      0.000578
40      0.001128
60      0.001679
80      0.002229
100     0.002780
          ...   
8780    0.000031
8800    0.000030
8820    0.000030
8840    0.000030
8860    0.000030
Name: train/lr, Length: 479, dtype: float64",57384960,0.9,0.95,8,0.003,0.0,2048.0,50432.0,True,adamw,amp_bfloat16,True,0.0001,256.0,0.0001,8860,dataset=rw/hparams=base_warmup=short_decay=chinchilla/params=57M_maxstep=8860,57384960.0,57384960.0,33177600.0,82575360.0,269844480.0,415088640.0,486755136.0,344309760.0,199065600.0,344309760.0,57384960.0,69181440.0,"5.242880e+06    9.273373
1.572864e+07    7.549177
2.621440e+07    6.964279
3.670016e+07    6.637773
4.718592e+07    6.443394
                  ...   
4.511498e+09    3.520776
4.516741e+09    3.520509
4.521984e+09    3.520290
4.527227e+09    3.520483
4.532077e+09    3.520311
Name: _smoothed, Length: 479, dtype: float64",8644.25,4532076544.0,8644.25,1.0,1.5604381871662694e+18,4532076544.0,3.5203114025322577,57384960,1.5604381871662694e+18,3.5203114025322577,33177600.0,9.021805364772864e+17,1.5604381871662694e+18
rw,base,short,chinchilla,288.0,8.0,"step
354    5.161519
706    4.758784
Name: val/loss, dtype: float64","step
354    0.001367
706    0.001353
Name: val/loss_std, dtype: float64","step
20     9.241387
40     7.532713
60     6.948836
80     6.662578
100    6.476770
120    6.313916
140    6.169827
160    6.013969
180    5.895100
200    5.770338
208    5.708556
220    5.650418
240    5.566945
260    5.495140
280    5.406768
300    5.339816
320    5.268712
340    5.216775
360    5.173103
380    5.126328
400    5.076701
420    5.027179
437    4.990857
440    4.979129
460    4.962670
480    4.932140
500    4.909812
520    4.872310
540    4.845702
560    4.832882
580    4.821380
600    4.790241
620    4.785038
628    4.776529
640    4.781448
660    4.768936
680    4.759589
700    4.756446
Name: train/loss, dtype: float64","step
20     0.545154
40     0.464327
60     0.471675
80     0.463391
100    0.471803
120    0.463081
140    0.463179
160    0.463467
180    0.472336
200    0.463127
208    0.463561
220    0.490326
240    0.463223
260    0.463040
280    0.463116
300    0.462961
320    0.462802
340    0.462818
360    0.471104
380    0.462725
400    0.462887
420    0.462852
437    0.462940
440    0.566211
460    0.463045
480    0.463148
500    0.463007
520    0.462992
540    0.463040
560    0.462952
580    0.462753
600    0.462766
620    0.462856
628    0.463120
640    0.492071
660    0.463078
680    0.463044
700    0.463175
Name: train/batch_time, dtype: float64","step
20     0.023164
40     0.010235
60     0.017487
80     0.009095
100    0.017459
120    0.008759
140    0.008840
160    0.009138
180    0.017862
200    0.008902
208    0.009331
220    0.035673
240    0.008706
260    0.008615
280    0.008596
300    0.008452
320    0.008464
340    0.008495
360    0.016844
380    0.008522
400    0.008532
420    0.008529
437    0.008522
440    0.110742
460    0.008605
480    0.008804
500    0.008674
520    0.008480
540    0.008510
560    0.008526
580    0.008352
600    0.008425
620    0.008435
628    0.008732
640    0.037477
660    0.008769
680    0.008628
700    0.008840
Name: train/data_time, dtype: float64","step
20     0.001500
40     0.002929
60     0.002995
80     0.002976
100    0.002944
120    0.002900
140    0.002843
160    0.002775
180    0.002695
200    0.002604
208    0.002565
220    0.002504
240    0.002395
260    0.002278
280    0.002154
300    0.002024
320    0.001890
340    0.001753
360    0.001613
380    0.001473
400    0.001333
420    0.001194
437    0.001079
440    0.001059
460    0.000927
480    0.000801
500    0.000681
520    0.000569
540    0.000465
560    0.000370
580    0.000286
600    0.000213
620    0.000151
628    0.000130
640    0.000102
660    0.000065
680    0.000041
700    0.000031
Name: train/lr, dtype: float64",22487040,0.9,0.95,8,0.003,0.0,2048.0,50432.0,True,adamw,amp_bfloat16,True,0.0001,256.0,0.0001,700,dataset=rw/hparams=base_warmup=short_decay=chinchilla/params=22M_maxstep=700,22487040.0,22487040.0,7962624.0,37601280.0,76087296.0,163233792.0,192136896.0,134922240.0,47775744.0,134922240.0,22487040.0,27205632.0,"5242880.0      9.241387
15728640.0     7.532713
26214400.0     6.948836
36700160.0     6.662578
47185920.0     6.476770
57671680.0     6.313916
68157440.0     6.169827
78643200.0     6.013969
89128960.0     5.895100
99614720.0     5.770338
106954752.0    5.708556
112197632.0    5.650418
120586240.0    5.566945
131072000.0    5.495140
141557760.0    5.406768
152043520.0    5.339816
162529280.0    5.268712
173015040.0    5.216775
183500800.0    5.173103
193986560.0    5.126328
204472320.0    5.076736
214958080.0    5.031579
224657408.0    4.999055
229900288.0    4.977552
235929600.0    4.957980
246415360.0    4.934874
256901120.0    4.904754
267386880.0    4.875941
277872640.0    4.850298
288358400.0    4.833321
298844160.0    4.814834
309329920.0    4.798887
319815680.0    4.783936
327155712.0    4.781005
332398592.0    4.775637
340787200.0    4.769991
351272960.0    4.761657
359137280.0    4.758017
Name: _smoothed, dtype: float64",685.0,359137280.0,685.0,1.0,4.84556062851072e+16,359137280.0,4.758017396926874,22487040,4.84556062851072e+16,4.758017396926874,7962624.0,1.715805075013632e+16,4.84556062851072e+16
rw,base,short,chinchilla,320.0,9.0,"step
35    7.091692
69    6.809268
Name: val/loss, dtype: float64","step
35    0.001670
69    0.001701
Name: val/loss_std, dtype: float64","step
20    8.587942
40    7.241145
60    6.887406
Name: train/loss, dtype: float64","step
20    0.580489
40    0.512951
60    0.499025
Name: train/batch_time, dtype: float64","step
20    0.022978
40    0.022089
60    0.008710
Name: train/data_time, dtype: float64","step
20    0.002887
40    0.001598
60    0.000215
Name: train/lr, dtype: float64",7168000,0.9,0.95,8,0.003,0.0,2048.0,50432.0,True,adamw,amp_bfloat16,True,0.0001,256.0,0.0001,60,dataset=rw/hparams=base_warmup=short_decay=chinchilla/params=28M_maxstep=60,27197440.0,28672000.0,12533760.0,43991040.0,110592000.0,207421440.0,234628992.0,172032000.0,75202560.0,172032000.0,28672000.0,34570240.0,"5242880.0     8.587942
15728640.0    7.241145
26214400.0    6.887406
Name: _smoothed, dtype: float64",50.0,26214400.0,50.0,1.0,4509715660800000.0,26214400.0,6.887405753135683,28672000,4509715660800000.0,6.887405753135683,12533760.0,1971389988864000.0,4509715660800000.0
rw,base,short,chinchilla,320.0,9.0,"step
2218    3.966100
4434    3.832751
Name: val/loss, dtype: float64","step
2218    0.001749
4434    0.001782
Name: val/loss_std, dtype: float64","step
20      9.288884
40      7.530653
60      6.949198
80      6.668439
100     6.470000
          ...   
4360    3.838920
4380    3.824457
4400    3.829046
4420    3.836900
4424    3.829620
Name: train/loss, Length: 240, dtype: float64","step
20      0.580971
40      0.512346
60      0.498825
80      0.511167
100     0.498847
          ...   
4360    0.498467
4380    0.498491
4400    0.498584
4420    0.498690
4424    0.499045
Name: train/batch_time, Length: 239, dtype: float64","step
20      0.022836
40      0.022676
60      0.008959
80      0.021187
100     0.008943
          ...   
4360    0.008702
4380    0.008717
4400    0.008764
4420    0.008775
4424    0.009279
Name: train/data_time, Length: 240, dtype: float64","step
20      0.001167
40      0.002278
60      0.003000
80      0.003000
100     0.002999
          ...   
4360    0.000032
4380    0.000031
4400    0.000030
4420    0.000030
4424    0.000030
Name: train/lr, Length: 240, dtype: float64",28672000,0.9,0.95,8,0.003,0.0,2048.0,50432.0,True,adamw,amp_bfloat16,True,0.0001,256.0,0.0001,4424,dataset=rw/hparams=base_warmup=short_decay=chinchilla/params=28M_maxstep=4424,27197440.0,28672000.0,12533760.0,43991040.0,110592000.0,207421440.0,234628992.0,172032000.0,75202560.0,172032000.0,28672000.0,34570240.0,"5.242880e+06    9.288884
1.572864e+07    7.530653
2.621440e+07    6.949198
3.670016e+07    6.668439
4.718592e+07    6.470000
                  ...   
2.248933e+09    3.834266
2.252603e+09    3.834715
2.257060e+09    3.834249
2.262303e+09    3.833466
2.267546e+09    3.833469
Name: _smoothed, Length: 240, dtype: float64",4325.0,2267545600.0,4325.0,1.0,3.900904046592e+17,2267545600.0,3.833469314802263,28672000,3.900904046592e+17,3.833469314802263,12533760.0,1.70525234036736e+17,3.900904046592e+17
rw,base,short,chinchilla,576.0,14.0,"step
1500    3.790815
2999    3.608586
Name: val/loss, dtype: float64","step
1500    0.001794
2999    0.001806
Name: val/loss_std, dtype: float64","step
20      9.372126
40      7.596236
60      7.015266
80      6.673254
100     6.471748
          ...   
2900    3.607677
2920    3.607496
2940    3.608042
2960    3.605816
2980    3.610237
Name: train/loss, Length: 156, dtype: float64","step
20      0.537405
40      0.453733
60      0.452265
80      0.431504
100     0.453386
          ...   
2900    0.431889
2920    0.431998
2940    0.431980
2960    0.431958
2980    0.431972
Name: train/batch_time, Length: 156, dtype: float64","step
20      0.048768
40      0.032430
60      0.031012
80      0.010004
100     0.031707
          ...   
2900    0.010048
2920    0.010030
2940    0.010009
2960    0.010029
2980    0.010038
Name: train/data_time, Length: 156, dtype: float64","step
20      0.000391
40      0.000764
60      0.001137
80      0.001509
100     0.001882
          ...   
2900    0.000039
2920    0.000036
2940    0.000033
2960    0.000031
2980    0.000030
Name: train/lr, Length: 156, dtype: float64",84787200,0.9,0.95,16,0.003,0.0,2048.0,50432.0,True,adamw,amp_bfloat16,True,0.0001,256.0,0.0001,2980,dataset=rw/hparams=base_warmup=short_decay=chinchilla/params=84M_maxstep=2980,84787200.0,84787200.0,55738368.0,115015680.0,433520640.0,607813632.0,707939712.0,508723200.0,334430208.0,508723200.0,84787200.0,101302272.0,"5.242880e+06    9.372126
1.572864e+07    7.596236
2.621440e+07    7.015266
3.670016e+07    6.673254
4.718592e+07    6.471748
                  ...   
1.502085e+09    3.609923
1.507328e+09    3.609631
1.512571e+09    3.609431
1.517814e+09    3.609596
1.523057e+09    3.608185
Name: _smoothed, Length: 156, dtype: float64",2905.0,1523056640.0,2905.0,1.0,7.74814247682048e+17,1523056640.0,3.608184978365884,84787200,7.74814247682048e+17,3.608184978365884,55738368.0,5.093561489109811e+17,7.74814247682048e+17
rw,base,short,chinchilla,640.0,15.0,"step
1173    3.828043
2344    3.620031
Name: val/loss, dtype: float64","step
1173    0.001778
2344    0.001813
Name: val/loss_std, dtype: float64","step
20      9.403449
40      7.648208
60      7.064788
80      6.691072
100     6.484920
          ...   
2260    3.622509
2280    3.620606
2300    3.625154
2320    3.616225
2340    3.624808
Name: train/loss, Length: 123, dtype: float64","step
20      0.611834
40      0.503504
60      0.478999
80      0.503891
100     0.479181
          ...   
2260    0.479714
2280    0.479840
2300    0.479714
2320    0.479671
2340    0.479786
Name: train/batch_time, Length: 123, dtype: float64","step
20      0.079458
40      0.036861
60      0.011900
80      0.036558
100     0.011837
          ...   
2260    0.012054
2280    0.012126
2300    0.012060
2320    0.012056
2340    0.012099
Name: train/data_time, Length: 123, dtype: float64","step
20      0.000306
40      0.000597
60      0.000888
80      0.001180
100     0.001471
          ...   
2260    0.000041
2280    0.000037
2300    0.000033
2320    0.000031
2340    0.000030
Name: train/lr, Length: 123, dtype: float64",108462080,0.9,0.95,16,0.003,0.0,2048.0,50432.0,True,adamw,amp_bfloat16,True,0.0001,256.0,0.0001,2340,dataset=rw/hparams=base_warmup=short_decay=chinchilla/params=108M_maxstep=2340,106004480.0,108462080.0,76185600.0,139591680.0,575078400.0,768737280.0,873066240.0,650772480.0,457113600.0,650772480.0,108462080.0,128122880.0,"5.242880e+06    9.403449
1.572864e+07    7.648208
2.621440e+07    7.064788
3.670016e+07    6.691072
4.718592e+07    6.484920
                  ...   
1.177027e+09    3.624172
1.182269e+09    3.624387
1.184891e+09    3.624387
1.187512e+09    3.622660
1.192755e+09    3.621947
Name: _smoothed, Length: 123, dtype: float64",2275.0,1192755200.0,2275.0,1.0,7.76212259536896e+17,1192755200.0,3.621947426455352,108462080,7.76212259536896e+17,3.621947426455352,76185600.0,5.4522462339072e+17,7.76212259536896e+17
rw,base,short,chinchilla,640.0,15.0,"step
587     4.156682
1172    3.842433
Name: val/loss, dtype: float64","step
587     0.001674
1172    0.001751
Name: val/loss_std, dtype: float64","step
20      9.403437
40      7.648467
60      7.066526
80      6.680285
100     6.485161
          ...   
1100    3.845273
1120    3.853960
1140    3.841841
1156    3.849720
1160    3.834205
Name: train/loss, Length: 62, dtype: float64","step
20      0.616800
40      0.509314
60      0.484111
80      0.511120
100     0.484995
          ...   
1100    0.485795
1120    0.485610
1140    0.485470
1156    0.485626
1160    0.562834
Name: train/batch_time, Length: 62, dtype: float64","step
20      0.079979
40      0.037837
60      0.011634
80      0.038560
100     0.011850
          ...   
1100    0.011728
1120    0.011621
1140    0.011570
1156    0.011601
1160    0.087669
Name: train/data_time, Length: 62, dtype: float64","step
20      0.000306
40      0.000597
60      0.000888
80      0.001180
100     0.001471
          ...   
1100    0.000071
1120    0.000051
1140    0.000038
1156    0.000032
1160    0.000031
Name: train/lr, Length: 62, dtype: float64",108462080,0.9,0.95,16,0.003,0.0,2048.0,50432.0,True,adamw,amp_bfloat16,True,0.0001,256.0,0.0001,1160,dataset=rw/hparams=base_warmup=short_decay=chinchilla/params=108M_maxstep=1160,106004480.0,108462080.0,76185600.0,139591680.0,575078400.0,768737280.0,873066240.0,650772480.0,457113600.0,650772480.0,108462080.0,128122880.0,"5242880.0      9.403437
15728640.0     7.648467
26214400.0     7.066526
36700160.0     6.680285
47185920.0     6.485161
                 ...   
571473920.0    3.851172
581959680.0    3.849572
592445440.0    3.845000
597688320.0    3.845000
599785472.0    3.844932
Name: _smoothed, Length: 62, dtype: float64",1144.0,599785472.0,1144.0,1.0,3.9032387908141056e+17,599785472.0,3.84493165686726,108462080,3.9032387908141056e+17,3.84493165686726,76185600.0,2.741700963336192e+17,3.9032387908141056e+17
rw,base,short,chinchilla,640.0,15.0,"step
147    5.930470
187    5.817142
Name: val/loss, dtype: float64","step
147    0.001483
187    0.001497
Name: val/loss_std, dtype: float64","step
20     8.805561
40     7.398950
60     6.893939
80     6.610822
100    6.427526
120    6.229693
140    6.047977
143    5.965861
160    5.916049
180    5.837578
Name: train/loss, dtype: float64","step
20     0.627883
40     0.503466
60     0.479790
80     0.506045
100    0.479992
120    0.480097
140    0.480090
143    0.480228
160    0.642097
180    0.480046
Name: train/batch_time, dtype: float64","step
20     0.076330
40     0.036096
60     0.011903
80     0.037868
100    0.011827
120    0.011912
140    0.011892
143    0.012157
160    0.172744
180    0.011871
Name: train/data_time, dtype: float64","step
20     0.001086
40     0.002121
60     0.002998
80     0.002792
100    0.002289
120    0.001605
140    0.000901
143    0.000804
160    0.000340
180    0.000052
Name: train/lr, dtype: float64",30732707,0.9,0.95,16,0.003,0.0,2048.0,50432.0,True,adamw,amp_bfloat16,True,0.0001,256.0,0.0001,180,dataset=rw/hparams=base_warmup=short_decay=chinchilla/params=108M_maxstep=180,106004480.0,108462080.0,76185600.0,139591680.0,575078400.0,768737280.0,873066240.0,650772480.0,457113600.0,650772480.0,108462080.0,128122880.0,"5242880.0     8.805561
15728640.0    7.398950
26214400.0    6.893939
36700160.0    6.610822
47185920.0    6.427526
57671680.0    6.229693
68157440.0    6.047977
74186752.0    5.965861
79429632.0    5.916049
89128960.0    5.837578
Name: _smoothed, dtype: float64",170.0,89128960.0,170.0,1.0,5.80026743390208e+16,89128960.0,5.837578153610231,108462080,5.80026743390208e+16,5.837578153610231,76185600.0,4.0742059769856e+16,5.80026743390208e+16
rw,base,short,chinchilla,576.0,14.0,"step
750     4.069032
1499    3.812172
Name: val/loss, dtype: float64","step
750     0.001716
1499    0.001749
Name: val/loss_std, dtype: float64","step
20      9.372146
40      7.596974
60      7.019331
80      6.667664
100     6.465588
          ...   
1400    3.820798
1420    3.829978
1440    3.816157
1460    3.813095
1480    3.827550
Name: train/loss, Length: 78, dtype: float64","step
20      0.547297
40      0.456850
60      0.454527
80      0.432102
100     0.453895
          ...   
1400    0.432231
1420    0.432174
1440    0.432261
1460    0.432180
1480    0.432257
Name: train/batch_time, Length: 78, dtype: float64","step
20      0.046359
40      0.035332
60      0.032545
80      0.009963
100     0.031744
          ...   
1400    0.009968
1420    0.009996
1440    0.009995
1460    0.009964
1480    0.010037
Name: train/data_time, Length: 78, dtype: float64","step
20      0.000391
40      0.000764
60      0.001137
80      0.001509
100     0.001882
          ...   
1400    0.000070
1420    0.000055
1440    0.000044
1460    0.000036
1480    0.000031
Name: train/lr, Length: 78, dtype: float64",84787200,0.9,0.95,16,0.003,0.0,2048.0,50432.0,True,adamw,amp_bfloat16,True,0.0001,256.0,0.0001,1480,dataset=rw/hparams=base_warmup=short_decay=chinchilla/params=84M_maxstep=1480,84787200.0,84787200.0,55738368.0,115015680.0,433520640.0,607813632.0,707939712.0,508723200.0,334430208.0,508723200.0,84787200.0,101302272.0,"5242880.0      9.372146
15728640.0     7.596974
26214400.0     7.019331
36700160.0     6.667664
47185920.0     6.465588
                 ...   
728760320.0    3.823566
739246080.0    3.822416
747110400.0    3.821649
752353280.0    3.821516
757596160.0    3.821695
Name: _smoothed, Length: 78, dtype: float64",1445.0,757596160.0,1445.0,1.0,3.85406742822912e+17,757596160.0,3.8216950923204394,84787200,3.85406742822912e+17,3.8216950923204394,55738368.0,2.5336304136880128e+17,3.85406742822912e+17
rw,base,short,chinchilla,640.0,15.0,"step
9379     3.380218
18757    3.260561
Name: val/loss, dtype: float64","step
9379     0.001998
18757    0.001950
Name: val/loss_std, dtype: float64","step
20       9.403425
40       7.647387
60       7.060185
80       6.688603
100      6.489907
           ...   
18660    3.256867
18680    3.259609
18700    3.254718
18720    3.262744
18740    3.262174
Name: train/loss, Length: 990, dtype: float64","step
20       0.616418
40       0.506165
60       0.478129
80       0.503075
100      0.478659
           ...   
18660    0.478755
18680    0.478614
18700    0.478672
18720    0.478680
18740    0.478646
Name: train/batch_time, Length: 979, dtype: float64","step
20       0.076027
40       0.040206
60       0.011572
80       0.036434
100      0.012002
           ...   
18660    0.011858
18680    0.011797
18700    0.011763
18720    0.011740
18740    0.011768
Name: train/data_time, Length: 978, dtype: float64","step
20       0.000306
40       0.000597
60       0.000888
80       0.001180
100      0.001471
           ...   
18660    0.000030
18680    0.000030
18700    0.000030
18720    0.000030
18740    0.000030
Name: train/lr, Length: 990, dtype: float64",108462080,0.9,0.95,16,0.003,0.0,2048.0,50432.0,True,adamw,amp_bfloat16,True,0.0001,256.0,0.0001,18740,dataset=rw/hparams=base_warmup=short_decay=chinchilla/params=108M_maxstep=18740,106004480.0,108462080.0,76185600.0,139591680.0,575078400.0,768737280.0,873066240.0,650772480.0,457113600.0,650772480.0,108462080.0,128122880.0,"5.242880e+06    9.403425
1.572864e+07    7.647387
2.621440e+07    7.060185
3.670016e+07    6.688603
4.718592e+07    6.489907
                  ...   
9.555149e+09    3.263117
9.560392e+09    3.263056
9.565635e+09    3.262838
9.570877e+09    3.262915
9.576120e+09    3.262783
Name: _smoothed, Length: 990, dtype: float64",18265.0,9576120320.0,18265.0,1.0,6.231875569424794e+18,9576120320.0,3.2627826432028906,108462080,6.231875569424794e+18,3.2627826432028906,76185600.0,4.377374833508352e+18,6.231875569424794e+18
rw,base,short,chinchilla,576.0,14.0,"step
375    4.613893
749    4.133680
Name: val/loss, dtype: float64","step
375    0.001517
749    0.001645
Name: val/loss_std, dtype: float64","step
20     9.372124
40     7.596126
60     7.014395
80     6.665111
100    6.479125
120    6.291334
140    6.119447
143    5.992481
160    6.018555
180    5.831971
200    5.664138
220    5.539252
240    5.393041
260    5.283072
280    5.170596
300    5.074911
320    4.943414
340    4.833536
360    4.749398
380    4.647118
400    4.576356
420    4.508119
440    4.456217
460    4.420085
480    4.374254
500    4.326327
520    4.303114
540    4.278950
560    4.241325
580    4.235843
600    4.204148
620    4.190645
640    4.160054
660    4.156799
680    4.148363
687    4.155059
700    4.136362
720    4.133180
740    4.129275
Name: train/loss, dtype: float64","step
20     0.535255
40     0.453505
60     0.454278
80     0.431733
100    0.453738
120    0.431823
140    0.431943
143    0.432104
160    0.449489
180    0.432097
200    0.453670
220    0.432022
240    0.431976
260    0.431965
280    0.431919
300    0.432585
320    0.431991
340    0.431884
360    0.431745
380    0.452349
400    0.447748
420    0.431985
440    0.432133
460    0.431858
480    0.431855
500    0.432053
520    0.432059
540    0.431858
560    0.431833
580    0.431898
600    0.431850
620    0.431925
640    0.431880
660    0.432077
680    0.431819
687    0.431763
700    0.457306
720    0.431931
740    0.431877
Name: train/batch_time, dtype: float64","step
20     0.046896
40     0.032192
60     0.032777
80     0.009992
100    0.031972
120    0.009977
140    0.010049
143    0.010420
160    0.026848
180    0.010076
200    0.031603
220    0.009920
240    0.009971
260    0.009902
280    0.009962
300    0.010419
320    0.010046
340    0.009910
360    0.009880
380    0.030487
400    0.025309
420    0.010064
440    0.010137
460    0.010045
480    0.010009
500    0.010128
520    0.010177
540    0.010062
560    0.010077
580    0.010116
600    0.010107
620    0.010099
640    0.010093
660    0.010185
680    0.010070
687    0.010063
700    0.034416
720    0.010132
740    0.010030
Name: train/data_time, dtype: float64","step
20     0.000391
40     0.000764
60     0.001137
80     0.001509
100    0.001882
120    0.002255
140    0.002627
143    0.002683
160    0.003000
180    0.002992
200    0.002968
220    0.002927
240    0.002870
260    0.002797
280    0.002710
300    0.002609
320    0.002496
340    0.002371
360    0.002237
380    0.002094
400    0.001945
420    0.001791
440    0.001634
460    0.001475
480    0.001317
500    0.001161
520    0.001010
540    0.000864
560    0.000725
580    0.000595
600    0.000476
620    0.000369
640    0.000275
660    0.000195
680    0.000130
687    0.000111
700    0.000081
720    0.000048
740    0.000032
Name: train/lr, dtype: float64",84787200,0.9,0.95,16,0.003,0.0,2048.0,50432.0,True,adamw,amp_bfloat16,True,0.0001,256.0,0.0001,740,dataset=rw/hparams=base_warmup=short_decay=chinchilla/params=84M_maxstep=740,84787200.0,84787200.0,55738368.0,115015680.0,433520640.0,607813632.0,707939712.0,508723200.0,334430208.0,508723200.0,84787200.0,101302272.0,"5242880.0      9.372124
15728640.0     7.596126
26214400.0     7.014395
36700160.0     6.665111
47185920.0     6.479125
57671680.0     6.291334
68157440.0     6.119447
74186752.0     5.992481
79429632.0     6.018555
89128960.0     5.831971
99614720.0     5.664138
110100480.0    5.539252
120586240.0    5.393041
131072000.0    5.283072
141557760.0    5.170596
152043520.0    5.074911
162529280.0    4.943414
173015040.0    4.833536
183500800.0    4.749398
193986560.0    4.647118
204472320.0    4.577198
214958080.0    4.513564
225443840.0    4.461474
235929600.0    4.416852
246415360.0    4.373555
256901120.0    4.334565
267386880.0    4.302797
277872640.0    4.274463
288358400.0    4.252039
298844160.0    4.227105
309329920.0    4.210212
319815680.0    4.184949
330301440.0    4.169166
340787200.0    4.155072
351272960.0    4.153407
358350848.0    4.146594
363593728.0    4.141534
372244480.0    4.132939
380108800.0    4.131228
Name: _smoothed, dtype: float64",725.0,380108800.0,725.0,1.0,1.9337016508416e+17,380108800.0,4.131227815151206,84787200,1.9337016508416e+17,4.131227815151206,55738368.0,1.271198650466304e+17,1.9337016508416e+17
rw,base,short,chinchilla,640.0,15.0,"step
4690    3.479493
9378    3.346367
Name: val/loss, dtype: float64","step
4690    0.001857
9378    0.001912
Name: val/loss_std, dtype: float64","step
20      9.403431
40      7.647611
60      7.062372
80      6.680841
100     6.467748
          ...   
9280    3.353826
9300    3.356867
9320    3.341273
9340    3.353685
9360    3.354607
Name: train/loss, Length: 495, dtype: float64","step
20      0.610523
40      0.504632
60      0.479841
80      0.503399
100     0.479841
          ...   
9280    0.479940
9300    0.479987
9320    0.479889
9340    0.480010
9360    0.480105
Name: train/batch_time, Length: 494, dtype: float64","step
20      0.074616
40      0.037416
60      0.012158
80      0.035685
100     0.012082
          ...   
9280    0.011971
9300    0.011963
9320    0.011979
9340    0.011997
9360    0.012038
Name: train/data_time, Length: 487, dtype: float64","step
20      0.000306
40      0.000597
60      0.000888
80      0.001180
100     0.001471
          ...   
9280    0.000031
9300    0.000031
9320    0.000030
9340    0.000030
9360    0.000030
Name: train/lr, Length: 495, dtype: float64",108462080,0.9,0.95,16,0.003,0.0,2048.0,50432.0,True,adamw,amp_bfloat16,True,0.0001,256.0,0.0001,9360,dataset=rw/hparams=base_warmup=short_decay=chinchilla/params=108M_maxstep=9360,106004480.0,108462080.0,76185600.0,139591680.0,575078400.0,768737280.0,873066240.0,650772480.0,457113600.0,650772480.0,108462080.0,128122880.0,"5.242880e+06    9.403431
1.572864e+07    7.647611
2.621440e+07    7.062372
3.670016e+07    6.680841
4.718592e+07    6.467748
                  ...   
4.759224e+09    3.348661
4.763156e+09    3.348776
4.768399e+09    3.348760
4.773642e+09    3.348749
4.778885e+09    3.348689
Name: _smoothed, Length: 495, dtype: float64",9115.0,4778885120.0,9115.0,1.0,3.1099669211774976e+18,4778885120.0,3.3486890463828876,108462080,3.1099669211774976e+18,3.3486890463828876,76185600.0,2.184493381189632e+18,3.1099669211774976e+18
rw,base,short,chinchilla,576.0,14.0,"step
5999     3.492491
11997    3.371315
Name: val/loss, dtype: float64","step
5999     0.001895
11997    0.001909
Name: val/loss_std, dtype: float64","step
20       9.372116
40       7.594999
60       7.017210
80       6.661809
100      6.460132
           ...   
11900    3.377976
11920    3.367955
11940    3.372821
11960    3.369408
11980    3.363024
Name: train/loss, Length: 633, dtype: float64","step
20       0.544962
40       0.454898
60       0.457035
80       0.433300
100      0.455776
           ...   
11900    0.433674
11920    0.433952
11940    0.433774
11960    0.433581
11980    0.433824
Name: train/batch_time, Length: 625, dtype: float64","step
20       0.051412
40       0.032565
60       0.034224
80       0.010275
100      0.032913
           ...   
11900    0.010278
11920    0.010445
11940    0.010402
11960    0.010085
11980    0.010323
Name: train/data_time, Length: 633, dtype: float64","step
20       0.000391
40       0.000764
60       0.001137
80       0.001509
100      0.001882
           ...   
11900    0.000030
11920    0.000030
11940    0.000030
11960    0.000030
11980    0.000030
Name: train/lr, Length: 633, dtype: float64",84787200,0.9,0.95,16,0.003,0.0,2048.0,50432.0,True,adamw,amp_bfloat16,True,0.0001,256.0,0.0001,11980,dataset=rw/hparams=base_warmup=short_decay=chinchilla/params=84M_maxstep=11980,84787200.0,84787200.0,55738368.0,115015680.0,433520640.0,607813632.0,707939712.0,508723200.0,334430208.0,508723200.0,84787200.0,101302272.0,"5.242880e+06    9.372116
1.572864e+07    7.594999
2.621440e+07    7.017210
3.670016e+07    6.661809
4.718592e+07    6.460132
                  ...   
6.115820e+09    3.373498
6.121062e+09    3.373571
6.126305e+09    3.373205
6.131548e+09    3.372817
6.136791e+09    3.372603
Name: _smoothed, Length: 633, dtype: float64",11705.0,6136791040.0,11705.0,1.0,3.121927975600128e+18,6136791040.0,3.3726029660552825,84787200,3.121927975600128e+18,3.3726029660552825,55738368.0,2.0523283039597363e+18,3.121927975600128e+18
rw,base,short,chinchilla,576.0,14.0,"step
3000    3.616721
5998    3.472469
Name: val/loss, dtype: float64","step
3000    0.001839
5998    0.001877
Name: val/loss_std, dtype: float64","step
20      9.372134
40      7.596205
60      7.014829
80      6.661827
100     6.478499
          ...   
5900    3.469002
5920    3.471029
5940    3.481671
5960    3.489282
5980    3.481972
Name: train/loss, Length: 316, dtype: float64","step
20      0.535005
40      0.452907
60      0.453446
80      0.431960
100     0.452748
          ...   
5900    0.432076
5920    0.432109
5940    0.432169
5960    0.432142
5980    0.432083
Name: train/batch_time, Length: 316, dtype: float64","step
20      0.045366
40      0.031175
60      0.031540
80      0.010107
100     0.030867
          ...   
5900    0.010197
5920    0.010230
5940    0.010232
5960    0.010252
5980    0.010239
Name: train/data_time, Length: 315, dtype: float64","step
20      0.000391
40      0.000764
60      0.001137
80      0.001509
100     0.001882
          ...   
5900    0.000032
5920    0.000031
5940    0.000031
5960    0.000030
5980    0.000030
Name: train/lr, Length: 316, dtype: float64",84787200,0.9,0.95,16,0.003,0.0,2048.0,50432.0,True,adamw,amp_bfloat16,True,0.0001,256.0,0.0001,5980,dataset=rw/hparams=base_warmup=short_decay=chinchilla/params=84M_maxstep=5980,84787200.0,84787200.0,55738368.0,115015680.0,433520640.0,607813632.0,707939712.0,508723200.0,334430208.0,508723200.0,84787200.0,101302272.0,"5.242880e+06    9.372134
1.572864e+07    7.596205
2.621440e+07    7.014829
3.670016e+07    6.661827
4.718592e+07    6.478499
                  ...   
3.033006e+09    3.477642
3.038249e+09    3.477677
3.043492e+09    3.477675
3.048735e+09    3.477887
3.053978e+09    3.477801
Name: _smoothed, Length: 316, dtype: float64",5825.0,3053977600.0,5825.0,1.0,1.55362925740032e+18,3053977600.0,3.4778008416295023,84787200,1.55362925740032e+18,3.4778008416295023,55738368.0,1.0213423639953408e+18,1.55362925740032e+18
rw,base,short,chinchilla,576.0,14.0,"step
188    5.586574
374    4.951693
Name: val/loss, dtype: float64","step
188    0.001446
374    0.001382
Name: val/loss_std, dtype: float64","step
20     8.988429
40     7.417256
60     6.880886
80     6.623663
100    6.439795
120    6.228857
140    6.047547
143    5.944960
160    5.881720
180    5.728570
200    5.578698
220    5.450744
240    5.335444
260    5.238284
280    5.135111
300    5.085777
320    5.015366
340    4.979823
360    4.971750
Name: train/loss, dtype: float64","step
20     0.536306
40     0.457217
60     0.457675
80     0.436806
100    0.458511
120    0.436938
140    0.437062
143    0.438254
160    0.453897
180    0.437027
200    0.462641
220    0.436939
240    0.436943
260    0.437198
280    0.436855
300    0.437179
320    0.437133
340    0.437198
360    0.437162
Name: train/batch_time, dtype: float64","step
20     0.046385
40     0.031583
60     0.031524
80     0.009963
100    0.031691
120    0.009946
140    0.009996
143    0.010496
160    0.026789
180    0.010105
200    0.035918
220    0.009976
240    0.009950
260    0.009971
280    0.009879
300    0.009911
320    0.009883
340    0.009946
360    0.009921
Name: train/data_time, dtype: float64","step
20     0.000788
40     0.001538
60     0.002288
80     0.003000
100    0.002966
120    0.002866
140    0.002705
143    0.002676
160    0.002490
180    0.002230
200    0.001938
220    0.001626
240    0.001309
260    0.001002
280    0.000718
300    0.000471
320    0.000270
340    0.000127
360    0.000047
Name: train/lr, dtype: float64",42393600,0.9,0.95,16,0.003,0.0,2048.0,50432.0,True,adamw,amp_bfloat16,True,0.0001,256.0,0.0001,360,dataset=rw/hparams=base_warmup=short_decay=chinchilla/params=84M_maxstep=360,84787200.0,84787200.0,55738368.0,115015680.0,433520640.0,607813632.0,707939712.0,508723200.0,334430208.0,508723200.0,84787200.0,101302272.0,"5242880.0      8.988429
15728640.0     7.417256
26214400.0     6.880886
36700160.0     6.623663
47185920.0     6.439795
57671680.0     6.228857
68157440.0     6.047547
74186752.0     5.944960
79429632.0     5.881720
89128960.0     5.728570
99614720.0     5.578698
110100480.0    5.450744
120586240.0    5.335444
131072000.0    5.238284
141557760.0    5.135111
152043520.0    5.085777
162529280.0    5.015366
173015040.0    4.979823
183500800.0    4.971750
Name: _smoothed, dtype: float64",350.0,183500800.0,350.0,1.0,9.335111417856e+16,183500800.0,4.9717501878738375,84787200,9.335111417856e+16,4.9717501878738375,55738368.0,6.13682107121664e+16,9.335111417856e+16
rw,base,short,chinchilla,640.0,15.0,"step
2345    3.622040
4689    3.461085
Name: val/loss, dtype: float64","step
2345    0.001838
4689    0.001861
Name: val/loss_std, dtype: float64","step
20      9.403426
40      7.647088
60      7.063798
80      6.688311
100     6.467141
          ...   
4600    3.472069
4620    3.460646
4640    3.459794
4660    3.467667
4680    3.462720
Name: train/loss, Length: 248, dtype: float64","step
20      0.626591
40      0.507833
60      0.483613
80      0.510168
100     0.484040
          ...   
4600    0.596850
4620    0.484062
4640    0.484096
4660    0.484200
4680    0.484187
Name: train/batch_time, Length: 248, dtype: float64","step
20      0.088531
40      0.037109
60      0.011839
80      0.038339
100     0.011846
          ...   
4600    0.120688
4620    0.011949
4640    0.011872
4660    0.011929
4680    0.011944
Name: train/data_time, Length: 248, dtype: float64","step
20      0.000306
40      0.000597
60      0.000888
80      0.001180
100     0.001471
          ...   
4600    0.000033
4620    0.000032
4640    0.000031
4660    0.000030
4680    0.000030
Name: train/lr, Length: 248, dtype: float64",108462080,0.9,0.95,16,0.003,0.0,2048.0,50432.0,True,adamw,amp_bfloat16,True,0.0001,256.0,0.0001,4680,dataset=rw/hparams=base_warmup=short_decay=chinchilla/params=108M_maxstep=4680,106004480.0,108462080.0,76185600.0,139591680.0,575078400.0,768737280.0,873066240.0,650772480.0,457113600.0,650772480.0,108462080.0,128122880.0,"5.242880e+06    9.403426
1.572864e+07    7.647088
2.621440e+07    7.063798
3.670016e+07    6.688311
4.718592e+07    6.467141
                  ...   
2.377646e+09    3.463956
2.382889e+09    3.463828
2.388132e+09    3.464103
2.393375e+09    3.464628
2.398618e+09    3.464950
Name: _smoothed, Length: 248, dtype: float64",4575.0,2398617600.0,4575.0,1.0,1.560954324123648e+18,2398617600.0,3.464950483147373,108462080,1.560954324123648e+18,3.464950483147373,76185600.0,1.09644072615936e+18,1.560954324123648e+18
rw,base,short,chinchilla,640.0,15.0,"step
294    4.994602
586    4.335591
Name: val/loss, dtype: float64","step
294    0.001369
586    0.001553
Name: val/loss_std, dtype: float64","step
20     9.029478
40     7.479090
60     6.923166
80     6.640753
100    6.465913
120    6.313517
140    6.114471
143    6.031476
160    5.936739
180    5.770729
200    5.627520
220    5.473957
240    5.364943
260    5.243164
280    5.112806
300    5.028630
320    4.906969
340    4.808766
360    4.728426
380    4.638681
400    4.577247
420    4.518150
440    4.473942
460    4.444436
480    4.414164
500    4.377334
520    4.366446
540    4.359152
560    4.338336
580    4.350491
Name: train/loss, dtype: float64","step
20     0.657903
40     0.502549
60     0.479379
80     0.503204
100    0.479612
120    0.479827
140    0.479824
143    0.479964
160    0.532497
180    0.480259
200    0.479902
220    0.479820
240    0.479695
260    0.479691
280    0.479622
300    0.505105
320    0.479716
340    0.479770
360    0.479596
380    0.479646
400    0.496254
420    0.479866
440    0.479698
460    0.479760
480    0.479777
500    0.479644
520    0.479743
540    0.479779
560    0.479456
580    0.479623
Name: train/batch_time, dtype: float64","step
20     0.081677
40     0.035466
60     0.011886
80     0.035405
100    0.011864
120    0.011856
140    0.011786
143    0.011993
160    0.063955
180    0.012201
200    0.011758
220    0.011868
240    0.011784
260    0.011761
280    0.011765
300    0.037071
320    0.011870
340    0.011826
360    0.011807
380    0.011808
400    0.027392
420    0.011795
440    0.011666
460    0.011706
480    0.011698
500    0.011646
520    0.011691
540    0.011651
560    0.011651
580    0.011685
Name: train/data_time, dtype: float64","step
20     0.000612
40     0.001194
60     0.001777
80     0.002359
100    0.002942
120    0.002991
140    0.002957
143    0.002950
160    0.002899
180    0.002818
200    0.002714
220    0.002590
240    0.002448
260    0.002291
280    0.002120
300    0.001939
320    0.001751
340    0.001558
360    0.001366
380    0.001175
400    0.000990
420    0.000815
440    0.000651
460    0.000501
480    0.000369
500    0.000256
520    0.000165
540    0.000096
560    0.000051
580    0.000031
Name: train/lr, dtype: float64",54231040,0.9,0.95,16,0.003,0.0,2048.0,50432.0,True,adamw,amp_bfloat16,True,0.0001,256.0,0.0001,580,dataset=rw/hparams=base_warmup=short_decay=chinchilla/params=108M_maxstep=580,106004480.0,108462080.0,76185600.0,139591680.0,575078400.0,768737280.0,873066240.0,650772480.0,457113600.0,650772480.0,108462080.0,128122880.0,"5242880.0      9.029478
15728640.0     7.479090
26214400.0     6.923166
36700160.0     6.640753
47185920.0     6.465913
57671680.0     6.313517
68157440.0     6.114471
74186752.0     6.031476
79429632.0     5.936739
89128960.0     5.770729
99614720.0     5.627520
110100480.0    5.473957
120586240.0    5.364943
131072000.0    5.243164
141557760.0    5.112806
152043520.0    5.028630
162529280.0    4.906969
173015040.0    4.808766
183500800.0    4.728426
193986560.0    4.638681
204472320.0    4.578026
214958080.0    4.523113
225443840.0    4.478843
235929600.0    4.444181
246415360.0    4.411978
256901120.0    4.385982
267386880.0    4.367644
277872640.0    4.354645
288358400.0    4.349326
296222720.0    4.344413
Name: _smoothed, dtype: float64",565.0,296222720.0,565.0,1.0,1.927735941267456e+17,296222720.0,4.3444134354591455,108462080,1.927735941267456e+17,4.3444134354591455,76185600.0,1.35407433940992e+17,1.927735941267456e+17
rw,base,short,chinchilla,576.0,14.0,"step
94     6.358194
187    5.899627
Name: val/loss, dtype: float64","step
94     0.001642
187    0.001529
Name: val/loss_std, dtype: float64","step
20     8.739457
40     7.327782
60     6.834368
80     6.596761
100    6.415869
120    6.233136
140    6.081088
143    6.016931
160    5.977237
180    5.914700
Name: train/loss, dtype: float64","step
20     0.538104
40     0.456323
60     0.454108
80     0.433658
100    0.454080
120    0.433868
140    0.433806
143    0.434420
160    0.452686
180    0.434190
Name: train/batch_time, dtype: float64","step
20     0.048863
40     0.033310
60     0.030496
80     0.009906
100    0.030430
120    0.009940
140    0.009978
143    0.010590
160    0.028398
180    0.010075
Name: train/data_time, dtype: float64","step
20     0.001575
40     0.003000
60     0.002866
80     0.002490
100    0.001938
120    0.001309
140    0.000718
143    0.000640
160    0.000270
180    0.000047
Name: train/lr, dtype: float64",21196800,0.9,0.95,16,0.003,0.0,2048.0,50432.0,True,adamw,amp_bfloat16,True,0.0001,256.0,0.0001,180,dataset=rw/hparams=base_warmup=short_decay=chinchilla/params=84M_maxstep=180,84787200.0,84787200.0,55738368.0,115015680.0,433520640.0,607813632.0,707939712.0,508723200.0,334430208.0,508723200.0,84787200.0,101302272.0,"5242880.0     8.739457
15728640.0    7.327782
26214400.0    6.834368
36700160.0    6.596761
47185920.0    6.415869
57671680.0    6.233136
68157440.0    6.081088
74186752.0    6.016931
79429632.0    5.977237
89128960.0    5.914700
Name: _smoothed, dtype: float64",170.0,89128960.0,170.0,1.0,4.5341969743872e+16,89128960.0,5.914700055122381,84787200,4.5341969743872e+16,5.914700055122381,55738368.0,2.980741663162368e+16,4.5341969743872e+16
rw,base,short,chinchilla,832.0,21.0,"step
4606    3.355230
9211    3.205022
Name: val/loss, dtype: float64","step
4606    0.001889
9211    0.001923
Name: val/loss_std, dtype: float64","step
20      9.499228
40      7.815988
60      7.187670
80      6.760263
100     6.515211
          ...   
9140    3.208449
9160    3.200970
9170    3.214223
9180    3.204113
9200    3.207469
Name: train/loss, Length: 475, dtype: float64","step
20      2.002588
40      0.470729
60      0.430087
80      0.470281
100     0.430407
          ...   
9140    0.430822
9160    0.430948
9170    0.430898
9180    0.462904
9200    0.436553
Name: train/batch_time, Length: 475, dtype: float64","step
20      1.505731
40      0.059673
60      0.018241
80      0.058093
100     0.018001
          ...   
9140    0.018220
9160    0.018295
9170    0.018320
9180    0.049197
9200    0.018271
Name: train/data_time, Length: 473, dtype: float64","step
20      0.000150
40      0.000292
60      0.000435
80      0.000577
100     0.000720
          ...   
9140    0.000030
9160    0.000030
9170    0.000030
9180    0.000030
9200    0.000030
Name: train/lr, Length: 475, dtype: float64",220872704,0.9,0.95,32,0.003,0.0,2048.0,50432.0,True,adamw,amp_bfloat16,True,0.0001,256.0,0.0001,9200,dataset=rw/hparams=base_warmup=short_decay=chinchilla/params=220M_maxstep=9200,216399872.0,220872704.0,178913280.0,260063232.0,1288175616.0,1539932160.0,1729344384.0,1325236224.0,1073479680.0,1325236224.0,220872704.0,256655360.0,"5.242880e+06    9.499228
1.572864e+07    7.815988
2.621440e+07    7.187670
3.670016e+07    6.760263
4.718592e+07    6.515211
                  ...   
4.689756e+09    3.206757
4.694999e+09    3.206482
4.700242e+09    3.206515
4.705485e+09    3.206634
4.710728e+09    3.206459
Name: _smoothed, Length: 475, dtype: float64",8985.0,4710727680.0,8985.0,1.0,6.24282696293548e+18,4710727680.0,3.2064589707387845,220872704,6.24282696293548e+18,3.2064589707387845,178913280.0,5.056870442493542e+18,6.24282696293548e+18
rw,base,short,chinchilla,832.0,21.0,"step
18423    3.167534
36844    3.033541
Name: val/loss, dtype: float64","step
18423    0.001884
36844    0.001893
Name: val/loss_std, dtype: float64","step
20       9.499221
40       7.815959
60       7.189111
80       6.762609
100      6.499385
           ...   
36760    3.040203
36780    3.047159
36800    3.037000
36820    3.032617
36840    3.037868
Name: train/loss, Length: 1902, dtype: float64","step
20       0.670515
40       0.474024
60       0.430581
80       0.469182
100      0.430961
           ...   
36760    0.432418
36780    0.432687
36800    0.432451
36820    0.432152
36840    0.432211
Name: train/batch_time, Length: 1884, dtype: float64","step
20       0.158707
40       0.062256
60       0.018231
80       0.056551
100      0.018261
           ...   
36740    0.017916
36760    0.017964
36780    0.017960
36800    0.017898
36820    0.017983
Name: train/data_time, Length: 1857, dtype: float64","step
20       0.000150
40       0.000292
60       0.000435
80       0.000577
100      0.000720
           ...   
36760    0.000030
36780    0.000030
36800    0.000030
36820    0.000030
36840    0.000030
Name: train/lr, Length: 1902, dtype: float64",220872704,0.9,0.95,32,0.003,0.0,2048.0,50432.0,True,adamw,amp_bfloat16,True,0.0001,256.0,0.0001,36840,dataset=rw/hparams=base_warmup=short_decay=chinchilla/params=220M_maxstep=36840,216399872.0,220872704.0,178913280.0,260063232.0,1288175616.0,1539932160.0,1729344384.0,1325236224.0,1073479680.0,1325236224.0,220872704.0,256655360.0,"5.242880e+06    9.499221
1.572864e+07    7.815959
2.621440e+07    7.189111
3.670016e+07    6.762609
4.718592e+07    6.499385
                  ...   
1.881001e+10    3.036796
1.881407e+10    3.036810
1.881932e+10    3.036827
1.882194e+10    3.036827
1.882456e+10    3.036857
Name: _smoothed, Length: 1902, dtype: float64",35905.0,18824560640.0,35905.0,1.0,2.4946989661012623e+19,18824560640.0,3.0368572265323337,220872704,2.4946989661012623e+19,3.0368572265323337,178913280.0,2.0207783331967795e+19,2.4946989661012623e+19
rw,base,short,chinchilla,1024.0,23.0,"step
11724    3.096281
14654    3.070463
Name: val/loss, dtype: float64","step
11724    0.001933
14654    0.001936
Name: val/loss_std, dtype: float64","step
20       9.214251
40       7.607828
60       7.010689
80       6.673883
100      6.469657
           ...   
14560    3.079294
14580    3.074850
14600    3.069718
14620    3.074886
14640    3.070342
Name: train/loss, Length: 759, dtype: float64","step
20       0.828613
40       0.616785
60       0.620890
80       0.561960
100      0.618364
           ...   
14560    0.562392
14580    0.562272
14600    0.562280
14620    0.562306
14640    0.562334
Name: train/batch_time, Length: 758, dtype: float64","step
20       0.219913
40       0.083030
60       0.086445
80       0.027097
100      0.083423
           ...   
14560    0.027065
14580    0.027038
14600    0.027109
14620    0.027054
14640    0.027046
Name: train/data_time, Length: 750, dtype: float64","step
20       0.000190
40       0.000372
60       0.000553
80       0.000734
100      0.000915
           ...   
14560    0.000030
14580    0.000030
14600    0.000030
14620    0.000030
14640    0.000030
Name: train/lr, Length: 759, dtype: float64",173539328,0.9,0.95,32,0.003,0.0,2048.0,50432.0,True,adamw,amp_bfloat16,True,0.0001,256.0,0.0001,14640,dataset=rw/hparams=base_warmup=short_decay=chinchilla/params=347M_maxstep=14640,341049344.0,347078656.0,295436288.0,394788864.0,2062024704.0,2371878912.0,2626811904.0,2082471936.0,1772617728.0,2082471936.0,347078656.0,395313152.0,"5.242880e+06    9.214251
1.572864e+07    7.607828
2.621440e+07    7.010689
3.670016e+07    6.673883
4.718592e+07    6.469657
                  ...   
7.468483e+09    3.073969
7.473725e+09    3.073895
7.478968e+09    3.073863
7.484211e+09    3.074162
7.489454e+09    3.073831
Name: _smoothed, Length: 759, dtype: float64",14285.0,7489454080.0,14285.0,1.0,1.5596577937560699e+19,7489454080.0,3.073830806179187,347078656,1.5596577937560699e+19,3.073830806179187,295436288.0,1.327593907524993e+19,1.5596577937560699e+19
rw,base,short,chinchilla,704.0,18.0,"step
854     3.912675
1706    3.644419
Name: val/loss, dtype: float64","step
854     0.001737
1706    0.001774
Name: val/loss_std, dtype: float64","step
20      9.452537
40      7.725835
60      7.102086
80      6.702014
100     6.482464
          ...   
1620    3.656839
1640    3.648244
1660    3.651466
1680    3.636590
1700    3.650750
Name: train/loss, Length: 88, dtype: float64","step
20      0.510304
40      0.359284
60      0.357685
80      0.327477
100     0.327452
          ...   
1620    0.328153
1640    0.327925
1660    0.328227
1680    0.328039
1700    0.328273
Name: train/batch_time, Length: 88, dtype: float64","step
20      0.092552
40      0.045405
60      0.043472
80      0.012988
100     0.012935
          ...   
1620    0.013084
1640    0.012949
1660    0.013293
1680    0.013169
1700    0.013361
Name: train/data_time, Length: 88, dtype: float64","step
20      0.000222
40      0.000433
60      0.000644
80      0.000856
100     0.001067
          ...   
1620    0.000057
1640    0.000046
1660    0.000038
1680    0.000032
1700    0.000030
Name: train/lr, Length: 88, dtype: float64",149045248,0.9,0.95,32,0.003,0.0,2048.0,50432.0,True,adamw,amp_bfloat16,True,0.0001,256.0,0.0001,1700,dataset=rw/hparams=base_warmup=short_decay=chinchilla/params=149M_maxstep=1700,142557184.0,149045248.0,113541120.0,179503104.0,836960256.0,1049985024.0,1168101504.0,894271488.0,681246720.0,894271488.0,149045248.0,174997504.0,"5242880.0      9.452537
15728640.0     7.725835
26214400.0     7.102086
36700160.0     6.702014
47185920.0     6.482464
                 ...   
844103680.0    3.649563
851968000.0    3.648258
857210880.0    3.648755
862453760.0    3.648842
867696640.0    3.648778
Name: _smoothed, Length: 88, dtype: float64",1655.0,867696640.0,1655.0,1.0,7.759563653854003e+17,867696640.0,3.6487779474258444,149045248,7.759563653854003e+17,3.6487779474258444,113541120.0,5.911154899550208e+17,7.759563653854003e+17
rw,base,short,chinchilla,1504.0,30.0,"step
1129    3.643184
2256    3.355204
Name: val/loss, dtype: float64","step
1129    0.001857
2256    0.001934
Name: val/loss_std, dtype: float64","step
20      9.203731
40      7.611230
60      7.064559
80      6.709832
100     6.519499
          ...   
2160    3.367412
2180    3.354225
2200    3.363431
2220    3.357915
2240    3.352267
Name: train/loss, Length: 116, dtype: float64","step
20      2.634526
40      1.864520
60      1.687177
80      1.871684
100     1.687689
          ...   
2160    1.689756
2180    1.692817
2200    1.689673
2220    1.689247
2240    1.689534
Name: train/batch_time, Length: 116, dtype: float64","step
20      0.894537
40      0.253741
60      0.071642
80      0.256425
100     0.071234
          ...   
2160    0.070840
2180    0.068017
2200    0.070810
2220    0.070897
2240    0.070819
Name: train/data_time, Length: 115, dtype: float64","step
20      0.000147
40      0.000287
60      0.000427
80      0.000566
100     0.000706
          ...   
2160    0.000050
2180    0.000043
2200    0.000037
2220    0.000033
2240    0.000031
Name: train/lr, Length: 116, dtype: float64",225431552,0.9,0.95,32,0.003,0.0,2048.0,50432.0,True,adamw,amp_bfloat16,True,0.0001,256.0,0.0001,2240,dataset=rw/hparams=base_warmup=short_decay=chinchilla/params=901M_maxstep=2240,890175488.0,901726208.0,825876480.0,969105408.0,5509693440.0,5964791808.0,6452142912.0,5410357248.0,4955258880.0,5410357248.0,901726208.0,994131968.0,"5.242880e+06    9.203731
1.572864e+07    7.611230
2.621440e+07    7.064559
3.670016e+07    6.709832
4.718592e+07    6.519499
                  ...   
1.124598e+09    3.360849
1.129841e+09    3.360486
1.135084e+09    3.359077
1.140326e+09    3.358986
1.145569e+09    3.358181
Name: _smoothed, Length: 116, dtype: float64",2185.0,1145569280.0,2185.0,1.0,6.197939057134141e+18,1145569280.0,3.3581808129946373,901726208,6.197939057134141e+18,3.3581808129946373,825876480.0,5.676592347375206e+18,6.197939057134141e+18
rw,base,short,chinchilla,1120.0,26.0,"step
4469    3.259119
8936    3.088333
Name: val/loss, dtype: float64","step
4469    0.001915
8936    0.001911
Name: val/loss_std, dtype: float64","step
20      9.535126
40      8.004834
60      7.296437
80      6.881930
100     6.579804
          ...   
8860    3.087186
8875    3.081222
8880    3.084051
8900    3.097491
8920    3.077946
Name: train/loss, Length: 460, dtype: float64","step
20      1.473431
40      1.171340
60      1.061687
80      1.138795
100     1.061693
          ...   
8860    1.061902
8875    1.062387
8880    1.119926
8900    1.061834
8920    1.061760
Name: train/batch_time, Length: 460, dtype: float64","step
20      0.332626
40      0.146177
60      0.035635
80      0.112469
100     0.035865
          ...   
8860    0.035793
8875    0.035771
8880    0.094050
8900    0.035700
8920    0.035774
Name: train/data_time, Length: 454, dtype: float64","step
20      0.000073
40      0.000142
60      0.000211
80      0.000280
100     0.000349
          ...   
8860    0.000031
8875    0.000030
8880    0.000030
8900    0.000030
8920    0.000030
Name: train/lr, Length: 460, dtype: float64",455311360,0.9,0.95,32,0.003,0.0,2048.0,50432.0,True,adamw,amp_bfloat16,True,0.0001,256.0,0.0001,8920,dataset=rw/hparams=base_warmup=short_decay=chinchilla/params=455M_maxstep=8920,447856640.0,455311360.0,398827520.0,506634240.0,2750791680.0,3089694720.0,3404716608.0,2731868160.0,2392965120.0,2731868160.0,455311360.0,514949120.0,"5.242880e+06    9.535126
1.572864e+07    8.004834
2.621440e+07    7.296437
3.670016e+07    6.881930
4.718592e+07    6.579804
                  ...   
4.548198e+09    3.092231
4.553441e+09    3.091789
4.558684e+09    3.091666
4.563927e+09    3.091888
4.569170e+09    3.091717
Name: _smoothed, Length: 460, dtype: float64",8715.0,4569169920.0,8715.0,1.0,1.2482369822077747e+19,4569169920.0,3.091716521373695,455311360,1.2482369822077747e+19,3.091716521373695,398827520.0,1.093386424591319e+19,1.2482369822077747e+19
rw,base,short,chinchilla,704.0,18.0,"step
6826     3.358025
13650    3.227267
Name: val/loss, dtype: float64","step
6826     0.001919
13650    0.001929
Name: val/loss_std, dtype: float64","step
20       9.452545
40       7.725946
60       7.091341
80       6.709710
100      6.493198
           ...   
13580    3.234757
13581    3.226838
13600    3.222309
13620    3.228809
13640    3.240897
Name: train/loss, Length: 708, dtype: float64","step
20       0.480563
40       0.358594
60       0.357915
80       0.327368
100      0.327179
           ...   
13580    0.327215
13581    0.328147
13600    0.346209
13620    0.327439
13640    0.327362
Name: train/batch_time, Length: 705, dtype: float64","step
20       0.089311
40       0.044770
60       0.043831
80       0.013187
100      0.013168
           ...   
13580    0.013068
13581    0.014111
13600    0.030902
13620    0.013129
13640    0.013002
Name: train/data_time, Length: 699, dtype: float64","step
20       0.000222
40       0.000433
60       0.000644
80       0.000856
100      0.001067
           ...   
13580    0.000030
13581    0.000030
13600    0.000030
13620    0.000030
13640    0.000030
Name: train/lr, Length: 708, dtype: float64",149045248,0.9,0.95,32,0.003,0.0,2048.0,50432.0,True,adamw,amp_bfloat16,True,0.0001,256.0,0.0001,13640,dataset=rw/hparams=base_warmup=short_decay=chinchilla/params=149M_maxstep=13640,142557184.0,149045248.0,113541120.0,179503104.0,836960256.0,1049985024.0,1168101504.0,894271488.0,681246720.0,894271488.0,149045248.0,174997504.0,"5.242880e+06    9.452545
1.572864e+07    7.725946
2.621440e+07    7.091341
3.670016e+07    6.709710
4.718592e+07    6.493198
                  ...   
6.954680e+09    3.231613
6.959923e+09    3.231783
6.965166e+09    3.231742
6.970409e+09    3.231558
6.975652e+09    3.231583
Name: _smoothed, Length: 708, dtype: float64",13305.0,6975651840.0,13305.0,1.0,6.238126550726738e+18,6975651840.0,3.231583022600704,149045248,6.238126550726738e+18,3.231583022600704,113541120.0,4.752139935861965e+18,6.238126550726738e+18
rw,base,short,chinchilla,1312.0,26.0,"step
832     3.820960
1662    3.508355
Name: val/loss, dtype: float64","step
832     0.001830
1662    0.001889
Name: val/loss_std, dtype: float64","step
20      9.119728
40      7.524691
60      6.943274
80      6.663663
100     6.489333
          ...   
1580    3.509343
1600    3.510266
1620    3.518669
1640    3.510303
1660    3.514698
Name: train/loss, Length: 86, dtype: float64","step
20      1.798726
40      1.420382
60      1.360849
80      1.268030
100     1.268253
          ...   
1580    1.268938
1600    1.268824
1620    1.269629
1640    1.269358
1660    1.269479
Name: train/batch_time, Length: 86, dtype: float64","step
20      0.456192
40      0.201823
60      0.141704
80      0.048682
100     0.048577
          ...   
1580    0.048668
1600    0.048659
1620    0.048944
1640    0.048703
1660    0.048653
Name: train/data_time, Length: 86, dtype: float64","step
20      0.000216
40      0.000423
60      0.000629
80      0.000835
100     0.001041
          ...   
1580    0.000056
1600    0.000045
1620    0.000037
1640    0.000032
1660    0.000030
Name: train/lr, Length: 86, dtype: float64",152989696,0.9,0.95,32,0.003,0.0,2048.0,50432.0,True,adamw,amp_bfloat16,True,0.0001,256.0,0.0001,1660,dataset=rw/hparams=base_warmup=short_decay=chinchilla/params=611M_maxstep=1660,603226112.0,611958784.0,545792000.0,672079872.0,3693920256.0,4090920960.0,4459617984.0,3671752704.0,3274752000.0,3671752704.0,611958784.0,681820160.0,"5242880.0      9.119728
15728640.0     7.524691
26214400.0     6.943274
36700160.0     6.663663
47185920.0     6.489333
                 ...   
823132160.0    3.517126
830996480.0    3.515745
836239360.0    3.512906
841482240.0    3.511446
846725120.0    3.512656
Name: _smoothed, Length: 86, dtype: float64",1615.0,846725120.0,1615.0,1.0,3.1089652489047245e+18,846725120.0,3.5126558136939936,611958784,3.1089652489047245e+18,3.5126558136939936,545792000.0,2.77281478017024e+18,3.1089652489047245e+18
rw,base,short,chinchilla,1024.0,23.0,"step
5862     3.241261
11723    3.089491
Name: val/loss, dtype: float64","step
5862     0.001887
11723    0.001906
Name: val/loss_std, dtype: float64","step
20       9.482798
40       7.910386
60       7.249153
80       6.813776
100      6.549254
           ...   
11640    3.092120
11660    3.097398
11680    3.096511
11700    3.099187
11720    3.093635
Name: train/loss, Length: 606, dtype: float64","step
20       0.830039
40       0.628416
60       0.632365
80       0.570405
100      0.625324
           ...   
11640    0.570113
11660    0.572004
11680    0.572210
11700    0.572078
11720    0.573776
Name: train/batch_time, Length: 605, dtype: float64","step
20       0.217551
40       0.089521
60       0.092278
80       0.027276
100      0.083976
           ...   
11640    0.027335
11660    0.027379
11680    0.027429
11700    0.027324
11720    0.027329
Name: train/data_time, Length: 600, dtype: float64","step
20       0.000095
40       0.000186
60       0.000276
80       0.000367
100      0.000458
           ...   
11640    0.000030
11660    0.000030
11680    0.000030
11700    0.000030
11720    0.000030
Name: train/lr, Length: 606, dtype: float64",347078656,0.9,0.95,32,0.003,0.0,2048.0,50432.0,True,adamw,amp_bfloat16,True,0.0001,256.0,0.0001,11720,dataset=rw/hparams=base_warmup=short_decay=chinchilla/params=347M_maxstep=11720,341049344.0,347078656.0,295436288.0,394788864.0,2062024704.0,2371878912.0,2626811904.0,2082471936.0,1772617728.0,2082471936.0,347078656.0,395313152.0,"5.242880e+06    9.482798
1.572864e+07    7.910386
2.621440e+07    7.249153
3.670016e+07    6.813776
4.718592e+07    6.549254
                  ...   
5.984748e+09    3.093271
5.989990e+09    3.093364
5.995233e+09    3.093417
5.999165e+09    3.093462
6.001787e+09    3.093577
Name: _smoothed, Length: 606, dtype: float64",11447.5,6001786880.0,11447.5,1.0,1.2498552743453e+19,6001786880.0,3.0935767656937894,347078656,1.2498552743453e+19,3.0935767656937894,295436288.0,1.0638873823165809e+19,1.2498552743453e+19
rw,base,short,chinchilla,1024.0,23.0,"step
2931    3.387755
5861    3.203508
Name: val/loss, dtype: float64","step
2931    0.001913
5861    0.001932
Name: val/loss_std, dtype: float64","step
20      9.482808
40      7.909975
60      7.244437
80      6.815782
100     6.537754
          ...   
5780    3.205832
5800    3.210493
5820    3.206965
5840    3.212716
5860    3.215919
Name: train/loss, Length: 302, dtype: float64","step
20      0.851619
40      0.618182
60      0.617264
80      0.562018
100     0.632851
          ...   
5780    0.562968
5800    0.563048
5820    0.563131
5840    0.563050
5860    0.563060
Name: train/batch_time, Length: 302, dtype: float64","step
20      0.243140
40      0.084568
60      0.082899
80      0.027200
100     0.097919
          ...   
5780    0.027413
5800    0.027401
5820    0.027335
5840    0.027289
5860    0.027364
Name: train/data_time, Length: 300, dtype: float64","step
20      0.000095
40      0.000186
60      0.000276
80      0.000367
100     0.000458
          ...   
5780    0.000032
5800    0.000031
5820    0.000030
5840    0.000030
5860    0.000030
Name: train/lr, Length: 302, dtype: float64",347078656,0.9,0.95,32,0.003,0.0,2048.0,50432.0,True,adamw,amp_bfloat16,True,0.0001,256.0,0.0001,5860,dataset=rw/hparams=base_warmup=short_decay=chinchilla/params=347M_maxstep=5860,341049344.0,347078656.0,295436288.0,394788864.0,2062024704.0,2371878912.0,2626811904.0,2082471936.0,1772617728.0,2082471936.0,347078656.0,395313152.0,"5.242880e+06    9.482808
1.572864e+07    7.909975
2.621440e+07    7.244437
3.670016e+07    6.815782
4.718592e+07    6.537754
                  ...   
2.985820e+09    3.207764
2.991063e+09    3.207624
2.996306e+09    3.207301
2.998927e+09    3.207301
3.001549e+09    3.207660
Name: _smoothed, Length: 302, dtype: float64",5725.0,3001548800.0,5725.0,1.0,6.250641140534477e+18,3001548800.0,3.207659749765142,347078656,6.250641140534477e+18,3.207659749765142,295436288.0,5.320598614337126e+18,6.250641140534477e+18
rw,base,short,chinchilla,1024.0,23.0,"step
1466    3.610968
2930    3.351381
Name: val/loss, dtype: float64","step
1466    0.001806
2930    0.001874
Name: val/loss_std, dtype: float64","step
20      9.482817
40      7.910551
60      7.241660
80      6.802377
100     6.527721
          ...   
2840    3.349347
2860    3.352998
2880    3.344729
2900    3.354179
2920    3.351986
Name: train/loss, Length: 151, dtype: float64","step
20      0.827507
40      0.620757
60      0.617883
80      0.562736
100     0.629633
          ...   
2840    0.564098
2860    0.563641
2880    0.563649
2900    0.563729
2920    0.563749
Name: train/batch_time, Length: 151, dtype: float64","step
20      0.212024
40      0.086398
60      0.082812
80      0.027230
100     0.093966
          ...   
2840    0.027530
2860    0.027193
2880    0.027245
2900    0.027148
2920    0.027244
Name: train/data_time, Length: 149, dtype: float64","step
20      0.000095
40      0.000186
60      0.000276
80      0.000367
100     0.000458
          ...   
2840    0.000042
2860    0.000037
2880    0.000034
2900    0.000031
2920    0.000030
Name: train/lr, Length: 151, dtype: float64",347078656,0.9,0.95,32,0.003,0.0,2048.0,50432.0,True,adamw,amp_bfloat16,True,0.0001,256.0,0.0001,2920,dataset=rw/hparams=base_warmup=short_decay=chinchilla/params=347M_maxstep=2920,341049344.0,347078656.0,295436288.0,394788864.0,2062024704.0,2371878912.0,2626811904.0,2082471936.0,1772617728.0,2082471936.0,347078656.0,395313152.0,"5.242880e+06    9.482817
1.572864e+07    7.910551
2.621440e+07    7.241660
3.670016e+07    6.802377
4.718592e+07    6.527721
                  ...   
1.470628e+09    3.353645
1.475871e+09    3.354302
1.481114e+09    3.353973
1.486356e+09    3.353947
1.491599e+09    3.352856
Name: _smoothed, Length: 151, dtype: float64",2845.0,1491599360.0,2845.0,1.0,3.106213806955561e+18,1491599360.0,3.352855804562566,347078656,3.106213806955561e+18,3.352855804562566,295436288.0,2.644035468609454e+18,3.106213806955561e+18
rw,base,short,chinchilla,832.0,21.0,"step
576     4.097518
1151    3.754101
Name: val/loss, dtype: float64","step
576     0.001694
1151    0.001760
Name: val/loss_std, dtype: float64","step
20      9.186386
40      7.549775
60      6.971513
80      6.654477
100     6.453236
120     6.296808
140     6.147121
160     5.998500
180     5.815967
200     5.691116
220     5.571564
240     5.411105
260     5.259827
273     5.138174
280     5.103216
300     4.971027
320     4.801361
340     4.706839
360     4.615052
380     4.525994
400     4.480250
420     4.410679
440     4.363063
460     4.324099
480     4.270873
500     4.225593
520     4.192420
540     4.166642
560     4.135488
580     4.106277
600     4.083428
620     4.065008
640     4.050086
660     4.017023
680     3.993137
700     3.962997
720     3.947859
740     3.933021
760     3.928442
780     3.892826
800     3.896424
820     3.877155
840     3.857863
860     3.843171
880     3.832084
900     3.822947
920     3.807872
940     3.797212
946     3.802897
960     3.784956
980     3.789795
1000    3.779526
1020    3.783912
1040    3.767421
1060    3.762629
1080    3.769263
1100    3.774608
1120    3.754365
1140    3.760715
Name: train/loss, dtype: float64","step
20      0.658765
40      0.467251
60      0.430276
80      0.469686
100     0.430536
120     0.431589
140     0.430493
160     0.472065
180     0.430713
200     0.430922
220     0.430674
240     0.430886
260     0.430941
273     0.430826
280     0.473849
300     0.477520
320     0.430790
340     0.431125
360     0.430990
380     0.430926
400     0.430829
420     0.430790
440     0.430938
460     0.430854
480     0.430850
500     0.430740
520     0.430951
540     0.430862
560     0.430894
580     0.487537
600     0.430533
620     0.430544
640     0.430508
660     0.430789
680     0.430609
700     0.430564
720     0.430605
740     0.430677
760     0.437266
780     0.430675
800     0.430667
820     0.430608
840     0.438151
860     0.430722
880     0.430607
900     0.430695
920     0.430634
940     0.430692
946     0.430944
960     0.455598
980     0.431255
1000    0.431156
1020    0.431262
1040    0.430978
1060    0.431166
1080    0.430866
1100    0.431225
1120    0.431267
1140    0.431003
Name: train/batch_time, dtype: float64","step
20      0.164424
40      0.056042
60      0.018516
80      0.057581
100     0.018220
120     0.019224
140     0.018075
160     0.059607
180     0.018086
200     0.018121
220     0.018071
240     0.018108
260     0.018099
273     0.018170
280     0.058612
300     0.065011
320     0.018243
340     0.018477
360     0.018431
380     0.018309
400     0.018184
420     0.018157
440     0.018295
460     0.018278
480     0.018207
500     0.018197
520     0.018287
540     0.018158
560     0.018209
580     0.075047
600     0.018219
620     0.018182
640     0.018194
660     0.018222
680     0.018231
700     0.018238
720     0.018234
740     0.018280
760     0.018143
780     0.018194
800     0.018203
820     0.018192
840     0.025760
860     0.018228
880     0.018170
900     0.018192
920     0.018248
940     0.018273
946     0.018405
960     0.042246
980     0.018541
1000    0.018459
1020    0.018597
1040    0.018209
1060    0.018467
1080    0.018260
1100    0.018614
1120    0.018633
1140    0.018386
Name: train/data_time, dtype: float64","step
20      0.000300
40      0.000586
60      0.000871
80      0.001157
100     0.001443
120     0.001729
140     0.002014
160     0.002300
180     0.002586
200     0.002871
220     0.002999
240     0.002993
260     0.002979
273     0.002967
280     0.002960
300     0.002933
320     0.002901
340     0.002862
360     0.002818
380     0.002767
400     0.002711
420     0.002650
440     0.002583
460     0.002512
480     0.002436
500     0.002357
520     0.002273
540     0.002186
560     0.002096
580     0.002004
600     0.001909
620     0.001813
640     0.001715
660     0.001617
680     0.001517
700     0.001418
720     0.001320
740     0.001222
760     0.001125
780     0.001031
800     0.000938
820     0.000848
840     0.000761
860     0.000677
880     0.000597
900     0.000522
920     0.000450
940     0.000383
946     0.000364
960     0.000322
980     0.000265
1000    0.000215
1020    0.000170
1040    0.000131
1060    0.000098
1080    0.000072
1100    0.000051
1120    0.000038
1140    0.000031
Name: train/lr, dtype: float64",110436352,0.9,0.95,32,0.003,0.0,2048.0,50432.0,True,adamw,amp_bfloat16,True,0.0001,256.0,0.0001,1140,dataset=rw/hparams=base_warmup=short_decay=chinchilla/params=220M_maxstep=1140,216399872.0,220872704.0,178913280.0,260063232.0,1288175616.0,1539932160.0,1729344384.0,1325236224.0,1073479680.0,1325236224.0,220872704.0,256655360.0,"5242880.0      9.186386
15728640.0     7.549775
26214400.0     6.971513
36700160.0     6.654477
47185920.0     6.453236
57671680.0     6.296808
68157440.0     6.147121
78643200.0     5.998500
89128960.0     5.815967
99614720.0     5.691116
110100480.0    5.571564
120586240.0    5.411105
131072000.0    5.259827
139722752.0    5.138174
144965632.0    5.103216
152043520.0    4.971027
162529280.0    4.801361
173015040.0    4.706839
183500800.0    4.615052
193986560.0    4.525994
204472320.0    4.472308
214958080.0    4.417997
225443840.0    4.365947
235929600.0    4.319345
246415360.0    4.273522
256901120.0    4.229629
267386880.0    4.194885
277872640.0    4.164850
288358400.0    4.136136
298844160.0    4.108398
309329920.0    4.084905
319815680.0    4.066174
330301440.0    4.044039
340787200.0    4.020082
351272960.0    3.991052
361758720.0    3.967998
372244480.0    3.947959
382730240.0    3.936441
393216000.0    3.918096
403701760.0    3.905897
414187520.0    3.890542
424673280.0    3.873488
435159040.0    3.861340
445644800.0    3.846644
456130560.0    3.832787
466616320.0    3.820657
477102080.0    3.812603
487587840.0    3.803177
494403584.0    3.796547
499646464.0    3.790877
508559360.0    3.788217
519045120.0    3.781122
529530880.0    3.776657
540016640.0    3.772550
550502400.0    3.771567
560988160.0    3.765657
571473920.0    3.764316
579338240.0    3.764738
584581120.0    3.763229
Name: _smoothed, dtype: float64",1115.0,584581120.0,1115.0,1.0,7.747080760904909e+17,584581120.0,3.763229032357534,220872704,7.747080760904909e+17,3.763229032357534,178913280.0,6.275359536316416e+17,7.747080760904909e+17
rw,base,short,chinchilla,1024.0,23.0,"step
2931    3.386829
3663    3.355805
Name: val/loss, dtype: float64","step
2931    0.001846
3663    0.001850
Name: val/loss_std, dtype: float64","step
20      8.930060
40      7.447725
60      6.876761
80      6.631673
100     6.448816
          ...   
3580    3.362648
3600    3.357297
3620    3.357763
3640    3.354591
3660    3.356526
Name: train/loss, Length: 189, dtype: float64","step
20      0.828471
40      0.619461
60      0.620719
80      0.561845
100     0.625440
          ...   
3580    0.562601
3600    0.562820
3620    0.562638
3640    0.562654
3660    0.562689
Name: train/batch_time, Length: 189, dtype: float64","step
20      0.215644
40      0.085793
60      0.086756
80      0.027452
100     0.091001
          ...   
3580    0.027463
3600    0.027541
3620    0.027374
3640    0.027459
3660    0.027440
Name: train/data_time, Length: 189, dtype: float64","step
20      0.000382
40      0.000745
60      0.001109
80      0.001473
100     0.001836
          ...   
3580    0.000034
3600    0.000032
3620    0.000031
3640    0.000030
3660    0.000030
Name: train/lr, Length: 189, dtype: float64",86769664,0.9,0.95,32,0.003,0.0,2048.0,50432.0,True,adamw,amp_bfloat16,True,0.0001,256.0,0.0001,3660,dataset=rw/hparams=base_warmup=short_decay=chinchilla/params=347M_maxstep=3660,341049344.0,347078656.0,295436288.0,394788864.0,2062024704.0,2371878912.0,2626811904.0,2082471936.0,1772617728.0,2082471936.0,347078656.0,395313152.0,"5.242880e+06    8.930060
1.572864e+07    7.447725
2.621440e+07    6.876761
3.670016e+07    6.631673
4.718592e+07    6.448816
                  ...   
1.848115e+09    3.360000
1.853358e+09    3.359896
1.858601e+09    3.359285
1.863844e+09    3.359291
1.869087e+09    3.358674
Name: _smoothed, Length: 189, dtype: float64",3565.0,1869086720.0,3565.0,1.0,3.89232064035029e+18,1869086720.0,3.3586738562583944,347078656,3.89232064035029e+18,3.3586738562583944,295436288.0,3.313176255041372e+18,3.89232064035029e+18
rw,base,short,chinchilla,1024.0,23.0,"step
11724    3.138558
23447    2.997769
Name: val/loss, dtype: float64","step
11724    0.001931
23447    0.001906
Name: val/loss_std, dtype: float64","step
20       9.482814
40       7.910443
60       7.247125
80       6.809372
100      6.534097
           ...   
23360    2.993868
23380    3.011157
23400    2.988440
23420    3.002569
23440    3.001366
Name: train/loss, Length: 1214, dtype: float64","step
20       0.844285
40       0.619288
60       0.620137
80       0.561887
100      0.617564
           ...   
23360    0.561999
23380    0.562060
23400    0.561934
23420    0.562032
23440    0.561832
Name: train/batch_time, Length: 1205, dtype: float64","step
20       0.233439
40       0.085960
60       0.086157
80       0.027531
100      0.083163
           ...   
23340    0.027093
23360    0.027139
23380    0.027104
23400    0.027074
23440    0.027006
Name: train/data_time, Length: 1185, dtype: float64","step
20       0.000095
40       0.000186
60       0.000276
80       0.000367
100      0.000458
           ...   
23360    0.000030
23380    0.000030
23400    0.000030
23420    0.000030
23440    0.000030
Name: train/lr, Length: 1214, dtype: float64",347078656,0.9,0.95,32,0.003,0.0,2048.0,50432.0,True,adamw,amp_bfloat16,True,0.0001,256.0,0.0001,23440,dataset=rw/hparams=base_warmup=short_decay=chinchilla/params=347M_maxstep=23440,341049344.0,347078656.0,295436288.0,394788864.0,2062024704.0,2371878912.0,2626811904.0,2082471936.0,1772617728.0,2082471936.0,347078656.0,395313152.0,"5.242880e+06    9.482814
1.572864e+07    7.910443
2.621440e+07    7.247125
3.670016e+07    6.809372
4.718592e+07    6.534097
                  ...   
1.196163e+10    3.001166
1.196451e+10    3.001157
1.196504e+10    3.000955
1.196766e+10    3.000884
1.197238e+10    3.000835
Name: _smoothed, Length: 1214, dtype: float64",22835.5,11972378624.0,22835.5,1.0,2.4932142491646296e+19,11972378624.0,3.00083542565985,347078656,2.4932142491646296e+19,3.00083542565985,295436288.0,2.1222450595230646e+19,2.4932142491646296e+19
rw,base,short,chinchilla,1504.0,30.0,"step
4513    3.197571
9024    2.993091
Name: val/loss, dtype: float64","step
4513    0.001857
9024    0.001883
Name: val/loss_std, dtype: float64","step
20      9.611619
40      8.210742
60      7.425906
80      7.032982
100     6.693184
          ...   
8940    2.995508
8960    2.998971
8980    2.988499
9000    3.002144
9020    2.987773
Name: train/loss, Length: 465, dtype: float64","step
20      2.568981
40      1.822736
60      1.687760
80      1.812427
100     1.687750
          ...   
8940    1.689487
8960    1.689020
8980    1.688471
9000    1.691607
9020    1.706140
Name: train/batch_time, Length: 465, dtype: float64","step
20      0.810147
40      0.206917
60      0.071704
80      0.196034
100     0.071615
          ...   
8940    0.071647
8960    0.071495
8980    0.071737
9000    0.068812
9020    0.089257
Name: train/data_time, Length: 461, dtype: float64","step
20      0.000037
40      0.000072
60      0.000106
80      0.000141
100     0.000176
          ...   
8940    0.000031
8960    0.000031
8980    0.000030
9000    0.000030
9020    0.000030
Name: train/lr, Length: 465, dtype: float64",901726208,0.9,0.95,32,0.003,0.0,2048.0,50432.0,True,adamw,amp_bfloat16,True,0.0001,256.0,0.0001,9020,dataset=rw/hparams=base_warmup=short_decay=chinchilla/params=901M_maxstep=9020,890175488.0,901726208.0,825876480.0,969105408.0,5509693440.0,5964791808.0,6452142912.0,5410357248.0,4955258880.0,5410357248.0,901726208.0,994131968.0,"5.242880e+06    9.611619
1.572864e+07    8.210742
2.621440e+07    7.425906
3.670016e+07    7.032982
4.718592e+07    6.693184
                  ...   
4.598006e+09    2.996603
4.600627e+09    2.996535
4.605870e+09    2.996660
4.611113e+09    2.996183
4.616356e+09    2.996177
Name: _smoothed, Length: 465, dtype: float64",8805.0,4616355840.0,8805.0,1.0,2.497613427829113e+19,4616355840.0,2.99617673804363,901726208,2.497613427829113e+19,2.99617673804363,825876480.0,2.287523826939986e+19,2.497613427829113e+19
rw,base,short,chinchilla,1312.0,26.0,"step
1663    3.508842
3324    3.267802
Name: val/loss, dtype: float64","step
1663    0.001837
3324    0.001899
Name: val/loss_std, dtype: float64","step
20      9.351841
40      7.712104
60      7.104722
80      6.704966
100     6.494605
          ...   
3240    3.273325
3260    3.277181
3280    3.273237
3300    3.264207
3320    3.278913
Name: train/loss, Length: 172, dtype: float64","step
20      1.811983
40      1.365927
60      1.367001
80      1.272168
100     1.272365
          ...   
3240    1.262880
3260    1.262895
3280    1.274180
3300    1.263219
3320    1.262796
Name: train/batch_time, Length: 172, dtype: float64","step
20      0.459602
40      0.144943
60      0.143890
80      0.049348
100     0.049432
          ...   
3240    0.048895
3260    0.048956
3280    0.060413
3300    0.048741
3320    0.048724
Name: train/data_time, Length: 172, dtype: float64","step
20      0.000108
40      0.000211
60      0.000314
80      0.000417
100     0.000520
          ...   
3240    0.000037
3260    0.000034
3280    0.000032
3300    0.000031
3320    0.000030
Name: train/lr, Length: 172, dtype: float64",305979392,0.9,0.95,32,0.003,0.0,2048.0,50432.0,True,adamw,amp_bfloat16,True,0.0001,256.0,0.0001,3320,dataset=rw/hparams=base_warmup=short_decay=chinchilla/params=611M_maxstep=3320,603226112.0,611958784.0,545792000.0,672079872.0,3693920256.0,4090920960.0,4459617984.0,3671752704.0,3274752000.0,3671752704.0,611958784.0,681820160.0,"5.242880e+06    9.351841
1.572864e+07    7.712104
2.621440e+07    7.104722
3.670016e+07    6.704966
4.718592e+07    6.494605
                  ...   
1.675100e+09    3.275128
1.680343e+09    3.274377
1.685586e+09    3.274228
1.690829e+09    3.273471
1.696072e+09    3.273553
Name: _smoothed, Length: 172, dtype: float64",3235.0,1696071680.0,3235.0,1.0,6.227555777217823e+18,1696071680.0,3.2735525661044624,611958784,6.227555777217823e+18,3.2735525661044624,545792000.0,5.55421412622336e+18,6.227555777217823e+18
rw,base,short,chinchilla,704.0,18.0,"step
214    5.447707
426    4.810454
Name: val/loss, dtype: float64","step
214    0.001446
426    0.001404
Name: val/loss_std, dtype: float64","step
20     8.807110
40     7.410736
60     6.857249
80     6.638474
100    6.418994
120    6.250220
140    6.077115
160    5.923791
180    5.754645
200    5.633737
220    5.487254
240    5.371391
260    5.249840
273    5.167737
280    5.129716
300    5.060353
320    4.983024
340    4.932760
360    4.886168
380    4.847634
400    4.828591
420    4.815843
Name: train/loss, dtype: float64","step
20     0.479644
40     0.359193
60     0.361684
80     0.327477
100    0.327850
120    0.357159
140    0.327813
160    0.327495
180    0.327623
200    0.327517
220    0.362254
240    0.327457
260    0.327523
273    0.327503
280    0.372713
300    0.328171
320    0.327794
340    0.327594
360    0.327840
380    0.327766
400    0.327753
420    0.327541
Name: train/batch_time, dtype: float64","step
20     0.090581
40     0.045069
60     0.047364
80     0.012988
100    0.013346
120    0.042782
140    0.013393
160    0.013047
180    0.013048
200    0.013019
220    0.047763
240    0.013008
260    0.013156
273    0.013109
280    0.054970
300    0.013387
320    0.013139
340    0.012984
360    0.013240
380    0.013227
400    0.013093
420    0.013101
Name: train/data_time, dtype: float64","step
20     0.000887
40     0.001732
60     0.002577
80     0.002995
100    0.002951
120    0.002863
140    0.002732
160    0.002563
180    0.002361
200    0.002133
220    0.001886
240    0.001627
260    0.001364
273    0.001196
280    0.001106
300    0.000861
320    0.000637
340    0.000440
360    0.000276
380    0.000151
400    0.000069
420    0.000032
Name: train/lr, dtype: float64",37261312,0.9,0.95,32,0.003,0.0,2048.0,50432.0,True,adamw,amp_bfloat16,True,0.0001,256.0,0.0001,420,dataset=rw/hparams=base_warmup=short_decay=chinchilla/params=149M_maxstep=420,142557184.0,149045248.0,113541120.0,179503104.0,836960256.0,1049985024.0,1168101504.0,894271488.0,681246720.0,894271488.0,149045248.0,174997504.0,"5242880.0      8.807110
15728640.0     7.410736
26214400.0     6.857249
36700160.0     6.638474
47185920.0     6.418994
57671680.0     6.250220
68157440.0     6.077115
78643200.0     5.923791
89128960.0     5.754645
99614720.0     5.633737
110100480.0    5.487254
120586240.0    5.371391
131072000.0    5.249840
139722752.0    5.167737
144965632.0    5.129716
152043520.0    5.060353
162529280.0    4.983024
173015040.0    4.932760
183500800.0    4.886168
193986560.0    4.847634
204472320.0    4.830690
212336640.0    4.822217
Name: _smoothed, dtype: float64",405.0,212336640.0,405.0,1.0,1.8988660300972032e+17,212336640.0,4.822217261791231,149045248,1.8988660300972032e+17,4.822217261791231,113541120.0,1.446536395358208e+17,1.8988660300972032e+17
rw,base,short,chinchilla,832.0,21.0,"step
9212     3.245071
18422    3.110434
Name: val/loss, dtype: float64","step
9212     0.001907
18422    0.001902
Name: val/loss_std, dtype: float64","step
20       9.499218
40       7.815907
60       7.188981
80       6.760176
100      6.512213
           ...   
18353    3.127982
18360    3.118561
18380    3.103570
18400    3.111942
18420    3.110908
Name: train/loss, Length: 955, dtype: float64","step
20       0.657847
40       0.472147
60       0.431008
80       0.470698
100      0.431254
           ...   
18353    0.436567
18360    0.476144
18380    0.431855
18400    0.431579
18420    0.431582
Name: train/batch_time, Length: 950, dtype: float64","step
20       0.166910
40       0.060032
60       0.018188
80       0.057686
100      0.018138
           ...   
18353    0.023368
18360    0.061574
18380    0.018234
18400    0.018285
18420    0.018278
Name: train/data_time, Length: 945, dtype: float64","step
20       0.000150
40       0.000292
60       0.000435
80       0.000577
100      0.000720
           ...   
18353    0.000030
18360    0.000030
18380    0.000030
18400    0.000030
18420    0.000030
Name: train/lr, Length: 955, dtype: float64",220872704,0.9,0.95,32,0.003,0.0,2048.0,50432.0,True,adamw,amp_bfloat16,True,0.0001,256.0,0.0001,18420,dataset=rw/hparams=base_warmup=short_decay=chinchilla/params=220M_maxstep=18420,216399872.0,220872704.0,178913280.0,260063232.0,1288175616.0,1539932160.0,1729344384.0,1325236224.0,1073479680.0,1325236224.0,220872704.0,256655360.0,"5.242880e+06    9.499218
1.572864e+07    7.815907
2.621440e+07    7.188981
3.670016e+07    6.760176
4.718592e+07    6.512213
                  ...   
9.397862e+09    3.114740
9.403105e+09    3.114877
9.408348e+09    3.114902
9.413591e+09    3.114836
9.418834e+09    3.114794
Name: _smoothed, Length: 955, dtype: float64",17965.0,9418833920.0,17965.0,1.0,1.2482179898623918e+19,9418833920.0,3.114794180296826,220872704,1.2482179898623918e+19,3.114794180296826,178913280.0,1.0110926822414746e+19,1.2482179898623918e+19
rw,base,short,chinchilla,704.0,18.0,"step
13651    3.273508
27300    3.149438
Name: val/loss, dtype: float64","step
13651    0.001907
27300    0.001939
Name: val/loss_std, dtype: float64","step
20       9.452545
40       7.725911
60       7.103091
80       6.705137
100      6.481426
           ...   
27200    3.147707
27220    3.153993
27240    3.152044
27260    3.149618
27280    3.156616
Name: train/loss, Length: 1413, dtype: float64","step
20       0.499914
40       0.362206
60       0.356860
80       0.327006
100      0.327118
           ...   
27200    0.327254
27220    0.327751
27240    0.327297
27260    0.327270
27280    0.327243
Name: train/batch_time, Length: 1387, dtype: float64","step
20       0.093559
40       0.048686
60       0.042914
80       0.013137
100      0.013054
           ...   
27180    0.013178
27200    0.013071
27220    0.013670
27240    0.013158
27260    0.013169
Name: train/data_time, Length: 1387, dtype: float64","step
20       0.000222
40       0.000433
60       0.000644
80       0.000856
100      0.001067
           ...   
27200    0.000030
27220    0.000030
27240    0.000030
27260    0.000030
27280    0.000030
Name: train/lr, Length: 1413, dtype: float64",149045248,0.9,0.95,32,0.003,0.0,2048.0,50432.0,True,adamw,amp_bfloat16,True,0.0001,256.0,0.0001,27280,dataset=rw/hparams=base_warmup=short_decay=chinchilla/params=149M_maxstep=27280,142557184.0,149045248.0,113541120.0,179503104.0,836960256.0,1049985024.0,1168101504.0,894271488.0,681246720.0,894271488.0,149045248.0,174997504.0,"5.242880e+06    9.452545
1.572864e+07    7.725911
2.621440e+07    7.103091
3.670016e+07    6.705137
4.718592e+07    6.481426
                  ...   
1.392247e+10    3.153074
1.392771e+10    3.153132
1.393295e+10    3.153027
1.393820e+10    3.153043
1.394344e+10    3.152889
Name: _smoothed, Length: 1413, dtype: float64",26595.0,13943439360.0,26595.0,1.0,1.2469220264304968e+19,13943439360.0,3.1528886732680994,149045248,1.2469220264304968e+19,3.1528886732680994,113541120.0,9.4989223295189e+18,1.2469220264304968e+19
rw,base,short,chinchilla,1120.0,26.0,"step
559     4.097971
1117    3.714410
Name: val/loss, dtype: float64","step
559     0.001728
1117    0.001818
Name: val/loss_std, dtype: float64","step
20      9.071485
40      7.536189
60      6.943977
80      6.638759
100     6.437238
120     6.301057
140     6.180365
160     6.048590
180     5.879719
200     5.762638
220     5.630674
240     5.496890
260     5.345060
273     5.213134
280     5.157413
300     5.047128
320     4.906054
340     4.761628
360     4.651467
380     4.571643
400     4.495500
420     4.422592
440     4.371738
460     4.326920
480     4.269923
500     4.215704
520     4.185293
540     4.150911
560     4.120097
580     4.087299
600     4.058866
620     4.037653
640     4.021665
660     3.986842
680     3.960526
700     3.927111
720     3.910568
740     3.894175
760     3.888380
780     3.851469
800     3.853449
820     3.833627
840     3.813653
860     3.797204
880     3.785281
900     3.776192
920     3.761254
940     3.750412
946     3.755441
960     3.737810
980     3.743182
1000    3.733122
1020    3.738842
1040    3.722848
1060    3.718697
1080    3.725998
1100    3.731828
Name: train/loss, dtype: float64","step
20      1.468454
40      1.136094
60      1.067444
80      1.140072
100     1.067893
120     1.067816
140     1.068081
160     1.137505
180     1.067916
200     1.068240
220     1.068126
240     1.068573
260     1.068635
273     1.068839
280     1.111606
300     1.155275
320     1.068426
340     1.068729
360     1.068136
380     1.068041
400     1.067889
420     1.068284
440     1.068403
460     1.068439
480     1.068423
500     1.068878
520     1.068444
540     1.068369
560     1.139418
580     1.068202
600     1.068580
620     1.068321
640     1.074224
660     1.068811
680     1.068582
700     1.074696
720     1.068530
740     1.068629
760     1.068308
780     1.068509
800     1.068309
820     1.068687
840     1.068628
860     1.068590
880     1.068533
900     1.068444
920     1.068619
940     1.068645
946     1.068688
960     1.089621
980     1.068475
1000    1.067917
1020    1.068125
1040    1.068177
1060    1.068135
1080    1.068397
1100    1.068035
Name: train/batch_time, dtype: float64","step
20      0.337368
40      0.105431
60      0.036234
80      0.108651
100     0.036129
120     0.036205
140     0.036159
160     0.106058
180     0.036147
200     0.036170
220     0.036191
240     0.036216
260     0.036156
273     0.036105
280     0.077830
300     0.122707
320     0.036129
340     0.036471
360     0.036027
380     0.036081
400     0.036062
420     0.036085
440     0.036098
460     0.036098
480     0.036093
500     0.036030
520     0.036274
540     0.036090
560     0.107024
580     0.036125
600     0.036105
620     0.036119
640     0.036048
660     0.036100
680     0.036079
700     0.042409
720     0.036163
740     0.036069
760     0.036146
780     0.036127
800     0.036119
820     0.036159
840     0.036159
860     0.036142
880     0.036134
900     0.036126
920     0.036128
940     0.036174
946     0.036335
960     0.057051
980     0.036144
1000    0.036107
1020    0.036070
1040    0.036181
1060    0.036269
1080    0.036184
1100    0.036137
Name: train/data_time, dtype: float64","step
20      0.000290
40      0.000567
60      0.000843
80      0.001120
100     0.001396
120     0.001673
140     0.001949
160     0.002226
180     0.002502
200     0.002779
220     0.003000
240     0.002995
260     0.002983
273     0.002972
280     0.002964
300     0.002938
320     0.002905
340     0.002865
360     0.002819
380     0.002766
400     0.002707
420     0.002643
440     0.002572
460     0.002497
480     0.002417
500     0.002332
520     0.002244
540     0.002152
560     0.002057
580     0.001959
600     0.001859
620     0.001758
640     0.001655
660     0.001551
680     0.001448
700     0.001344
720     0.001242
740     0.001141
760     0.001041
780     0.000944
800     0.000850
820     0.000759
840     0.000672
860     0.000589
880     0.000510
900     0.000436
920     0.000367
940     0.000305
946     0.000287
960     0.000247
980     0.000197
1000    0.000152
1020    0.000114
1040    0.000083
1060    0.000059
1080    0.000042
1100    0.000033
Name: train/lr, dtype: float64",113827840,0.9,0.95,32,0.003,0.0,2048.0,50432.0,True,adamw,amp_bfloat16,True,0.0001,256.0,0.0001,1100,dataset=rw/hparams=base_warmup=short_decay=chinchilla/params=455M_maxstep=1100,447856640.0,455311360.0,398827520.0,506634240.0,2750791680.0,3089694720.0,3404716608.0,2731868160.0,2392965120.0,2731868160.0,455311360.0,514949120.0,"5242880.0      9.071485
15728640.0     7.536189
26214400.0     6.943977
36700160.0     6.638759
47185920.0     6.437238
57671680.0     6.301057
68157440.0     6.180365
78643200.0     6.048590
89128960.0     5.879719
99614720.0     5.762638
110100480.0    5.630674
120586240.0    5.496890
131072000.0    5.345060
139722752.0    5.213134
144965632.0    5.157413
152043520.0    5.047128
162529280.0    4.906054
173015040.0    4.761628
183500800.0    4.651467
193986560.0    4.571643
204472320.0    4.496578
214958080.0    4.429944
225443840.0    4.373750
235929600.0    4.322861
246415360.0    4.270849
256901120.0    4.223640
267386880.0    4.183970
277872640.0    4.152100
288358400.0    4.119436
298844160.0    4.088754
309329920.0    4.061273
319815680.0    4.039395
330301440.0    4.015387
340787200.0    3.989678
351272960.0    3.958160
361758720.0    3.932735
372244480.0    3.910618
382730240.0    3.897708
393216000.0    3.878008
403701760.0    3.864433
414187520.0    3.848116
424673280.0    3.829880
435159040.0    3.816643
445644800.0    3.801191
456130560.0    3.786717
466616320.0    3.774069
477102080.0    3.765716
487587840.0    3.756222
494403584.0    3.749620
499646464.0    3.743993
508559360.0    3.741679
519045120.0    3.735161
529530880.0    3.731338
540016640.0    3.727901
550502400.0    3.727643
558366720.0    3.724843
563609600.0    3.725508
Name: _smoothed, dtype: float64",1075.0,563609600.0,1075.0,1.0,1.539707120910336e+18,563609600.0,3.725507708390571,455311360,1.539707120910336e+18,3.725507708390571,398827520.0,1.348698114097152e+18,1.539707120910336e+18
rw,base,short,chinchilla,704.0,18.0,"step
427    4.391237
853    3.979516
Name: val/loss, dtype: float64","step
427    0.001587
853    0.001726
Name: val/loss_std, dtype: float64","step
20     9.115185
40     7.508113
60     6.902778
80     6.633180
100    6.425652
120    6.273468
140    6.101056
160    5.934249
180    5.741518
200    5.608101
220    5.473624
240    5.351040
260    5.205242
273    5.102098
280    5.064757
300    4.980018
320    4.842833
340    4.734613
360    4.643937
380    4.559896
400    4.497322
420    4.442094
440    4.391675
460    4.351270
480    4.299841
500    4.255492
520    4.226563
540    4.198515
560    4.171705
580    4.144546
600    4.122973
620    4.106394
640    4.096410
660    4.067805
680    4.048818
700    4.023754
720    4.015092
740    4.007820
760    4.011275
780    3.984767
800    3.999308
820    3.989927
840    3.981178
Name: train/loss, dtype: float64","step
20     0.483310
40     0.358409
60     0.357773
80     0.327348
100    0.327383
120    0.357210
140    0.327439
160    0.327702
180    0.327642
200    0.327684
220    0.358846
240    0.327786
260    0.327600
273    0.327718
280    0.369340
300    0.328057
320    0.327923
340    0.327995
360    0.327944
380    0.327790
400    0.328098
420    0.327874
440    0.360180
460    0.327599
480    0.327697
500    0.327597
520    0.327830
540    0.327583
560    0.327584
580    0.327577
600    0.327645
620    0.327601
640    0.327515
660    0.327556
680    0.327582
700    0.327532
720    0.327565
740    0.327624
760    0.327556
780    0.327507
800    0.327475
820    0.327556
840    0.327494
Name: train/batch_time, dtype: float64","step
20     0.092838
40     0.044265
60     0.043296
80     0.013015
100    0.013019
120    0.042953
140    0.013008
160    0.013102
180    0.012961
200    0.012914
220    0.044099
240    0.013040
260    0.012940
273    0.013065
280    0.052885
300    0.013088
320    0.013053
340    0.013045
360    0.013007
380    0.012984
400    0.013195
420    0.013029
440    0.045420
460    0.012898
480    0.012921
500    0.012917
520    0.013120
540    0.012959
560    0.012980
580    0.012860
600    0.013006
620    0.012961
640    0.012919
660    0.012918
680    0.012953
700    0.012957
720    0.012975
740    0.012979
760    0.012967
780    0.012982
800    0.012984
820    0.012968
840    0.012981
Name: train/data_time, dtype: float64","step
20     0.000444
40     0.000866
60     0.001289
80     0.001711
100    0.002134
120    0.002556
140    0.002979
160    0.002995
180    0.002979
200    0.002952
220    0.002913
240    0.002863
260    0.002803
273    0.002758
280    0.002732
300    0.002653
320    0.002564
340    0.002467
360    0.002363
380    0.002252
400    0.002135
420    0.002014
440    0.001888
460    0.001760
480    0.001630
500    0.001499
520    0.001368
540    0.001238
560    0.001110
580    0.000986
600    0.000865
620    0.000750
640    0.000641
660    0.000538
680    0.000443
700    0.000357
720    0.000279
740    0.000211
760    0.000154
780    0.000107
800    0.000071
820    0.000046
840    0.000032
Name: train/lr, dtype: float64",74522624,0.9,0.95,32,0.003,0.0,2048.0,50432.0,True,adamw,amp_bfloat16,True,0.0001,256.0,0.0001,840,dataset=rw/hparams=base_warmup=short_decay=chinchilla/params=149M_maxstep=840,142557184.0,149045248.0,113541120.0,179503104.0,836960256.0,1049985024.0,1168101504.0,894271488.0,681246720.0,894271488.0,149045248.0,174997504.0,"5242880.0      9.115185
15728640.0     7.508113
26214400.0     6.902778
36700160.0     6.633180
47185920.0     6.425652
57671680.0     6.273468
68157440.0     6.101056
78643200.0     5.934249
89128960.0     5.741518
99614720.0     5.608101
110100480.0    5.473624
120586240.0    5.351040
131072000.0    5.205242
139722752.0    5.102098
144965632.0    5.064757
152043520.0    4.980018
162529280.0    4.842833
173015040.0    4.734613
183500800.0    4.643937
193986560.0    4.559896
204472320.0    4.499771
214958080.0    4.443697
225443840.0    4.395013
235929600.0    4.347596
246415360.0    4.302201
256901120.0    4.260632
267386880.0    4.226856
277872640.0    4.198927
288358400.0    4.171588
298844160.0    4.146408
309329920.0    4.124638
319815680.0    4.108593
330301440.0    4.090203
340787200.0    4.071011
351272960.0    4.046792
361758720.0    4.029221
372244480.0    4.015556
382730240.0    4.011396
393216000.0    4.001287
403701760.0    3.998450
414187520.0    3.993291
422051840.0    3.988795
427294720.0    3.990138
Name: _smoothed, dtype: float64",815.0,427294720.0,815.0,1.0,3.8211748506894336e+17,427294720.0,3.9901375929514606,149045248,3.8211748506894336e+17,3.9901375929514606,113541120.0,2.910931264733184e+17,3.8211748506894336e+17
rw,base,short,chinchilla,832.0,21.0,"step
2303    3.512211
4605    3.327627
Name: val/loss, dtype: float64","step
2303    0.001912
4605    0.001894
Name: val/loss_std, dtype: float64","step
20      9.499228
40      7.815783
60      7.187499
80      6.756321
100     6.509645
          ...   
4520    3.336542
4540    3.338159
4560    3.327052
4580    3.328274
4600    3.321938
Name: train/loss, Length: 237, dtype: float64","step
20      0.644648
40      0.470636
60      0.430185
80      0.469506
100     0.430594
          ...   
4520    0.430792
4540    0.430704
4560    0.430708
4580    0.430736
4600    0.430685
Name: train/batch_time, Length: 237, dtype: float64","step
20      0.150805
40      0.058929
60      0.018226
80      0.057350
100     0.018284
          ...   
4500    0.018227
4520    0.018154
4540    0.018171
4580    0.018162
4600    0.018129
Name: train/data_time, Length: 235, dtype: float64","step
20      0.000150
40      0.000292
60      0.000435
80      0.000577
100     0.000720
          ...   
4520    0.000033
4540    0.000032
4560    0.000031
4580    0.000030
4600    0.000030
Name: train/lr, Length: 237, dtype: float64",220872704,0.9,0.95,32,0.003,0.0,2048.0,50432.0,True,adamw,amp_bfloat16,True,0.0001,256.0,0.0001,4600,dataset=rw/hparams=base_warmup=short_decay=chinchilla/params=220M_maxstep=4600,216399872.0,220872704.0,178913280.0,260063232.0,1288175616.0,1539932160.0,1729344384.0,1325236224.0,1073479680.0,1325236224.0,220872704.0,256655360.0,"5.242880e+06    9.499228
1.572864e+07    7.815783
2.621440e+07    7.187499
3.670016e+07    6.756321
4.718592e+07    6.509645
                  ...   
2.330460e+09    3.331049
2.335703e+09    3.330479
2.340946e+09    3.330039
2.346189e+09    3.329681
2.351432e+09    3.329962
Name: _smoothed, Length: 237, dtype: float64",4485.0,2351431680.0,4485.0,1.0,3.1162024405971763e+18,2351431680.0,3.329962108532584,220872704,3.1162024405971763e+18,3.329962108532584,178913280.0,2.5242141273882624e+18,3.1162024405971763e+18
rw,base,short,chinchilla,704.0,18.0,"step
3413    3.478866
6825    3.327754
Name: val/loss, dtype: float64","step
3413    0.001854
6825    0.001911
Name: val/loss_std, dtype: float64","step
20      9.452544
40      7.725725
60      7.100992
80      6.708727
100     6.481080
          ...   
6740    3.338651
6760    3.329622
6780    3.333608
6800    3.329918
6820    3.326053
Name: train/loss, Length: 352, dtype: float64","step
20      0.499800
40      0.360396
60      0.360892
80      0.328846
100     0.328831
          ...   
6740    0.329500
6760    0.329440
6780    0.329517
6800    0.329601
6820    0.329573
Name: train/batch_time, Length: 352, dtype: float64","step
20      0.102046
40      0.045584
60      0.045533
80      0.013386
100     0.013056
          ...   
6740    0.013056
6760    0.013074
6780    0.013106
6800    0.013126
6820    0.013084
Name: train/data_time, Length: 350, dtype: float64","step
20      0.000222
40      0.000433
60      0.000644
80      0.000856
100     0.001067
          ...   
6740    0.000031
6760    0.000031
6780    0.000030
6800    0.000030
6820    0.000030
Name: train/lr, Length: 352, dtype: float64",149045248,0.9,0.95,32,0.003,0.0,2048.0,50432.0,True,adamw,amp_bfloat16,True,0.0001,256.0,0.0001,6820,dataset=rw/hparams=base_warmup=short_decay=chinchilla/params=149M_maxstep=6820,142557184.0,149045248.0,113541120.0,179503104.0,836960256.0,1049985024.0,1168101504.0,894271488.0,681246720.0,894271488.0,149045248.0,174997504.0,"5.242880e+06    9.452544
1.572864e+07    7.725725
2.621440e+07    7.100992
3.670016e+07    6.708727
4.718592e+07    6.481080
                  ...   
3.462922e+09    3.330058
3.468165e+09    3.330040
3.473408e+09    3.329815
3.478651e+09    3.330064
3.483894e+09    3.329816
Name: _smoothed, Length: 352, dtype: float64",6645.0,3483893760.0,6645.0,1.0,3.115546856789115e+18,3483893760.0,3.3298164003425277,149045248,3.115546856789115e+18,3.3298164003425277,113541120.0,2.373391196828467e+18,3.115546856789115e+18
rw,base,short,chinchilla,1120.0,26.0,"step
8937     3.134066
16359    2.990001
16735    2.987972
17692    2.984892
17873    2.984568
Name: val/loss, dtype: float64","step
8937     0.001871
16359    0.001877
16735    0.001877
17692    0.001876
17873    0.001876
Name: val/loss_std, dtype: float64","step
20       9.535098
40       8.005396
60       7.290102
80       6.879035
100      6.583028
           ...   
17780    3.000765
17800    2.981196
17820    2.997954
17840    2.988617
17860    2.987556
Name: train/loss, Length: 925, dtype: float64","step
20       1.508012
40       1.136942
60       1.066602
80       1.135951
100      1.066574
           ...   
17780    1.066920
17800    1.067291
17820    1.066671
17840    1.072382
17860    1.111444
Name: train/batch_time, Length: 924, dtype: float64","step
20       0.333511
40       0.107325
60       0.035696
80       0.105532
100      0.035962
           ...   
17780    0.036018
17800    0.035997
17820    0.035883
17840    0.041917
17860    0.079965
Name: train/data_time, Length: 918, dtype: float64","step
20       0.000073
40       0.000142
60       0.000211
80       0.000280
100      0.000349
           ...   
17780    0.000030
17800    0.000030
17820    0.000030
17840    0.000030
17860    0.000030
Name: train/lr, Length: 925, dtype: float64",455311360,0.9,0.95,32,0.003,0.0,2048.0,50432.0,True,adamw,amp_bfloat16,True,0.0001,256.0,0.0001,17860,dataset=rw/hparams=base_warmup=short_decay=chinchilla/params=455M_maxstep=17860,447856640.0,455311360.0,398827520.0,506634240.0,2750791680.0,3089694720.0,3404716608.0,2731868160.0,2392965120.0,2731868160.0,455311360.0,514949120.0,"5.242880e+06    9.535098
1.572864e+07    8.005396
2.621440e+07    7.290102
3.670016e+07    6.879035
4.718592e+07    6.583028
                  ...   
9.112125e+09    2.989726
9.114747e+09    2.989426
9.119990e+09    2.989404
9.125233e+09    2.989118
9.130476e+09    2.989045
Name: _smoothed, Length: 925, dtype: float64",17415.0,9130475520.0,17415.0,1.0,2.4943255358747443e+19,9130475520.0,2.989044617084762,455311360,2.4943255358747443e+19,2.989044617084762,398827520.0,2.1848909448373862e+19,2.4943255358747443e+19
rw,base,short,chinchilla,832.0,21.0,"step
288    4.998378
575    4.251831
Name: val/loss, dtype: float64","step
288    0.001428
575    0.001615
Name: val/loss_std, dtype: float64","step
20     8.892613
40     7.422191
60     6.875779
80     6.630312
100    6.445375
120    6.274135
140    6.086676
160    5.925086
180    5.746882
200    5.638393
220    5.480879
240    5.341429
260    5.219453
273    5.114644
280    5.073855
300    4.985634
320    4.868553
340    4.779481
360    4.669269
380    4.575197
400    4.504807
420    4.445420
440    4.399250
460    4.364996
480    4.324273
500    4.290372
520    4.274861
540    4.265052
560    4.260019
Name: train/loss, dtype: float64","step
20     0.658468
40     0.475044
60     0.431005
80     0.472673
100    0.431462
120    0.431200
140    0.431137
160    0.475149
180    0.431410
200    0.431414
220    0.431061
240    0.431055
260    0.431143
273    0.431327
280    0.475134
300    0.472790
320    0.430988
340    0.430945
360    0.430802
380    0.430897
400    0.431014
420    0.431092
440    0.431030
460    0.431142
480    0.431139
500    0.431120
520    0.431313
540    0.431222
560    0.431161
Name: train/batch_time, dtype: float64","step
20     0.163831
40     0.062998
60     0.018492
80     0.060026
100    0.018543
120    0.018275
140    0.018186
160    0.062216
180    0.018507
200    0.018519
220    0.018176
240    0.018193
260    0.018310
273    0.018369
280    0.060504
300    0.059911
320    0.018007
340    0.017984
360    0.017884
380    0.017969
400    0.018007
420    0.018040
440    0.017894
460    0.017924
480    0.017978
500    0.017961
520    0.018027
540    0.017952
560    0.017958
Name: train/data_time, dtype: float64","step
20     0.000600
40     0.001171
60     0.001743
80     0.002314
100    0.002886
120    0.002993
140    0.002960
160    0.002901
180    0.002817
200    0.002711
220    0.002582
240    0.002435
260    0.002272
273    0.002158
280    0.002095
300    0.001907
320    0.001713
340    0.001515
360    0.001317
380    0.001123
400    0.000935
420    0.000758
440    0.000595
460    0.000448
480    0.000319
500    0.000213
520    0.000129
540    0.000070
560    0.000037
Name: train/lr, dtype: float64",55218176,0.9,0.95,32,0.003,0.0,2048.0,50432.0,True,adamw,amp_bfloat16,True,0.0001,256.0,0.0001,560,dataset=rw/hparams=base_warmup=short_decay=chinchilla/params=220M_maxstep=560,216399872.0,220872704.0,178913280.0,260063232.0,1288175616.0,1539932160.0,1729344384.0,1325236224.0,1073479680.0,1325236224.0,220872704.0,256655360.0,"5242880.0      8.892613
15728640.0     7.422191
26214400.0     6.875779
36700160.0     6.630312
47185920.0     6.445375
57671680.0     6.274135
68157440.0     6.086676
78643200.0     5.925086
89128960.0     5.746882
99614720.0     5.638393
110100480.0    5.480879
120586240.0    5.341429
131072000.0    5.219453
139722752.0    5.114644
144965632.0    5.073855
152043520.0    4.985634
162529280.0    4.868553
173015040.0    4.779481
183500800.0    4.669269
193986560.0    4.575197
204472320.0    4.508475
214958080.0    4.449826
225443840.0    4.403222
235929600.0    4.362840
246415360.0    4.326547
256901120.0    4.296502
267386880.0    4.276761
277872640.0    4.266644
285736960.0    4.262535
Name: _smoothed, dtype: float64",545.0,285736960.0,545.0,1.0,3.7866896992763904e+17,285736960.0,4.2625352025032015,220872704,3.7866896992763904e+17,4.2625352025032015,178913280.0,3.067328203849728e+17,3.7866896992763904e+17
rw,base,short,chinchilla,1120.0,26.0,"step
2235    3.444677
4468    3.218556
Name: val/loss, dtype: float64","step
2235    0.001958
4468    0.001893
Name: val/loss_std, dtype: float64","step
20      9.535111
40      8.005114
60      7.301599
80      6.884153
100     6.587868
          ...   
4380    3.231902
4400    3.212987
4420    3.218401
4440    3.222810
4460    3.220100
Name: train/loss, Length: 230, dtype: float64","step
20      2.030163
40      1.141648
60      1.070821
80      1.145789
100     1.070809
          ...   
4380    1.072257
4400    1.072056
4420    1.072211
4440    1.071864
4460    1.071475
Name: train/batch_time, Length: 230, dtype: float64","step
20      0.880672
40      0.107918
60      0.036167
80      0.110755
100     0.036169
          ...   
4360    0.036176
4400    0.036130
4420    0.036164
4440    0.036189
4460    0.036114
Name: train/data_time, Length: 226, dtype: float64","step
20      0.000073
40      0.000142
60      0.000211
80      0.000280
100     0.000349
          ...   
4380    0.000034
4400    0.000033
4420    0.000031
4440    0.000030
4460    0.000030
Name: train/lr, Length: 230, dtype: float64",455311360,0.9,0.95,32,0.003,0.0,2048.0,50432.0,True,adamw,amp_bfloat16,True,0.0001,256.0,0.0001,4460,dataset=rw/hparams=base_warmup=short_decay=chinchilla/params=455M_maxstep=4460,447856640.0,455311360.0,398827520.0,506634240.0,2750791680.0,3089694720.0,3404716608.0,2731868160.0,2392965120.0,2731868160.0,455311360.0,514949120.0,"5.242880e+06    9.535111
1.572864e+07    8.005114
2.621440e+07    7.301599
3.670016e+07    6.884153
4.718592e+07    6.587868
                  ...   
2.257060e+09    3.223761
2.262303e+09    3.223121
2.267546e+09    3.223263
2.272788e+09    3.222980
2.278031e+09    3.222987
Name: _smoothed, Length: 230, dtype: float64",4345.0,2278031360.0,4345.0,1.0,6.223281339865498e+18,2278031360.0,3.2229867637157383,455311360,6.223281339865498e+18,3.2229867637157383,398827520.0,5.451249586746163e+18,6.223281339865498e+18
rw,base,short,chinchilla,1312.0,26.0,"step
6650     3.149730
13298    2.985177
Name: val/loss, dtype: float64","step
6650     0.001889
13298    0.001884
Name: val/loss_std, dtype: float64","step
20       9.578765
40       8.079185
60       7.318351
80       6.922671
100      6.602545
           ...   
13200    2.967227
13220    2.981749
13240    2.990565
13260    2.990990
13280    2.998933
Name: train/loss, Length: 689, dtype: float64","step
20       1.978002
40       1.376120
60       1.360175
80       1.268567
100      1.268552
           ...   
13200    1.300439
13220    1.268756
13240    1.269522
13260    1.268758
13280    1.269237
Name: train/batch_time, Length: 687, dtype: float64","step
20       0.650397
40       0.158140
60       0.140436
80       0.048540
100      0.048652
           ...   
13200    0.080573
13220    0.048659
13240    0.048919
13260    0.048617
13280    0.048935
Name: train/data_time, Length: 683, dtype: float64","step
20       0.000054
40       0.000105
60       0.000157
80       0.000208
100      0.000260
           ...   
13200    0.000030
13220    0.000030
13240    0.000030
13260    0.000030
13280    0.000030
Name: train/lr, Length: 689, dtype: float64",611958784,0.9,0.95,32,0.003,0.0,2048.0,50432.0,True,adamw,amp_bfloat16,True,0.0001,256.0,0.0001,13280,dataset=rw/hparams=base_warmup=short_decay=chinchilla/params=611M_maxstep=13280,603226112.0,611958784.0,545792000.0,672079872.0,3693920256.0,4090920960.0,4459617984.0,3671752704.0,3274752000.0,3671752704.0,611958784.0,681820160.0,"5.242880e+06    9.578765
1.572864e+07    8.079185
2.621440e+07    7.318351
3.670016e+07    6.922671
4.718592e+07    6.602545
                  ...   
6.771180e+09    2.988497
6.776422e+09    2.988620
6.781665e+09    2.988636
6.786908e+09    2.988663
6.792151e+09    2.988253
Name: _smoothed, Length: 689, dtype: float64",12955.0,6792151040.0,12955.0,1.0,2.4939098947096412e+19,6792151040.0,2.988252547427146,611958784,2.4939098947096412e+19,2.988252547427146,545792000.0,2.224261020254208e+19,2.4939098947096412e+19
rw,base,short,chinchilla,704.0,18.0,"step
1707    3.650591
3412    3.459535
Name: val/loss, dtype: float64","step
1707    0.001822
3412    0.001903
Name: val/loss_std, dtype: float64","step
20      9.452553
40      7.725748
60      7.109386
80      6.707996
100     6.490457
          ...   
3320    3.464120
3340    3.475023
3360    3.462342
3380    3.469069
3400    3.461315
Name: train/loss, Length: 176, dtype: float64","step
20      0.494624
40      0.356704
60      0.356145
80      0.325988
100     0.326177
          ...   
3320    0.342475
3340    0.326608
3360    0.326945
3380    0.326579
3400    0.326386
Name: train/batch_time, Length: 176, dtype: float64","step
20      0.089371
40      0.043958
60      0.043169
80      0.012968
100     0.013049
          ...   
3320    0.028621
3340    0.013093
3360    0.013703
3380    0.013356
3400    0.013146
Name: train/data_time, Length: 176, dtype: float64","step
20      0.000222
40      0.000433
60      0.000644
80      0.000856
100     0.001067
          ...   
3320    0.000036
3340    0.000034
3360    0.000032
3380    0.000031
3400    0.000030
Name: train/lr, Length: 176, dtype: float64",149045248,0.9,0.95,32,0.003,0.0,2048.0,50432.0,True,adamw,amp_bfloat16,True,0.0001,256.0,0.0001,3400,dataset=rw/hparams=base_warmup=short_decay=chinchilla/params=149M_maxstep=3400,142557184.0,149045248.0,113541120.0,179503104.0,836960256.0,1049985024.0,1168101504.0,894271488.0,681246720.0,894271488.0,149045248.0,174997504.0,"5.242880e+06    9.452553
1.572864e+07    7.725748
2.621440e+07    7.109386
3.670016e+07    6.707996
4.718592e+07    6.490457
                  ...   
1.727529e+09    3.463473
1.730281e+09    3.463807
1.730544e+09    3.463396
1.733165e+09    3.464999
1.738146e+09    3.463509
Name: _smoothed, Length: 176, dtype: float64",3315.25,1738145792.0,3315.25,1.0,1.5543742237727785e+18,1738145792.0,3.4635093078975894,149045248,1.5543742237727785e+18,3.4635093078975894,113541120.0,1.1841061196818022e+18,1.5543742237727785e+18
rw,base,short,chinchilla,1120.0,26.0,"step
1118    3.691795
2234    3.412152
Name: val/loss, dtype: float64","step
1118    0.001857
2234    0.001930
Name: val/loss_std, dtype: float64","step
20      9.304716
40      7.680072
60      7.101772
80      6.701888
100     6.472518
          ...   
2140    3.409840
2160    3.423835
2180    3.410193
2200    3.418987
2220    3.414587
Name: train/loss, Length: 115, dtype: float64","step
20      1.484522
40      1.141607
60      1.070535
80      1.140995
100     1.070780
          ...   
2140    1.073371
2160    1.073068
2180    1.078277
2200    1.072745
2220    1.073400
Name: train/batch_time, Length: 115, dtype: float64","step
20      0.332079
40      0.109174
60      0.035915
80      0.106386
100     0.035669
          ...   
2140    0.035210
2160    0.035183
2180    0.035253
2200    0.035167
2220    0.035267
Name: train/data_time, Length: 114, dtype: float64","step
20      0.000145
40      0.000283
60      0.000422
80      0.000560
100     0.000698
          ...   
2140    0.000050
2160    0.000042
2180    0.000037
2200    0.000033
2220    0.000030
Name: train/lr, Length: 115, dtype: float64",227655680,0.9,0.95,32,0.003,0.0,2048.0,50432.0,True,adamw,amp_bfloat16,True,0.0001,256.0,0.0001,2220,dataset=rw/hparams=base_warmup=short_decay=chinchilla/params=455M_maxstep=2220,447856640.0,455311360.0,398827520.0,506634240.0,2750791680.0,3089694720.0,3404716608.0,2731868160.0,2392965120.0,2731868160.0,455311360.0,514949120.0,"5.242880e+06    9.304716
1.572864e+07    7.680072
2.621440e+07    7.101772
3.670016e+07    6.701888
4.718592e+07    6.472518
                  ...   
1.114112e+09    3.417850
1.119355e+09    3.417597
1.124598e+09    3.417378
1.129841e+09    3.416078
1.135084e+09    3.416226
Name: _smoothed, Length: 115, dtype: float64",2165.0,1135083520.0,2165.0,1.0,3.100898527228723e+18,1135083520.0,3.4162262956301297,455311360,3.100898527228723e+18,3.4162262956301297,398827520.0,2.7162152716468224e+18,3.100898527228723e+18
rw,base,short,chinchilla,832.0,21.0,"step
1152    3.746250
2302    3.488279
Name: val/loss, dtype: float64","step
1152    0.001821
2302    0.001890
Name: val/loss_std, dtype: float64","step
20      9.499230
40      7.815812
60      7.187963
80      6.753307
100     6.504974
          ...   
2220    3.492351
2240    3.485789
2260    3.491025
2280    3.491456
2300    3.494266
Name: train/loss, Length: 119, dtype: float64","step
20      0.644055
40      0.476889
60      0.430715
80      0.470535
100     0.431041
          ...   
2220    0.431434
2240    0.431443
2260    0.431415
2280    0.431627
2300    0.431523
Name: train/batch_time, Length: 119, dtype: float64","step
20      0.154272
40      0.064861
60      0.018332
80      0.057871
100     0.018344
          ...   
2220    0.018296
2240    0.018274
2260    0.018273
2280    0.018425
2300    0.018335
Name: train/data_time, Length: 118, dtype: float64","step
20      0.000150
40      0.000292
60      0.000435
80      0.000577
100     0.000720
          ...   
2220    0.000044
2240    0.000038
2260    0.000034
2280    0.000031
2300    0.000030
Name: train/lr, Length: 119, dtype: float64",220872704,0.9,0.95,32,0.003,0.0,2048.0,50432.0,True,adamw,amp_bfloat16,True,0.0001,256.0,0.0001,2300,dataset=rw/hparams=base_warmup=short_decay=chinchilla/params=220M_maxstep=2300,216399872.0,220872704.0,178913280.0,260063232.0,1288175616.0,1539932160.0,1729344384.0,1325236224.0,1073479680.0,1325236224.0,220872704.0,256655360.0,"5.242880e+06    9.499230
1.572864e+07    7.815812
2.621440e+07    7.187963
3.670016e+07    6.753307
4.718592e+07    6.504974
                  ...   
1.156055e+09    3.493157
1.161298e+09    3.492411
1.166541e+09    3.492821
1.171784e+09    3.491517
1.177027e+09    3.492015
Name: _smoothed, Length: 119, dtype: float64",2245.0,1177026560.0,2245.0,1.0,1.5598382339221094e+18,1177026560.0,3.4920149445533846,220872704,1.5598382339221094e+18,3.4920149445533846,178913280.0,1.2635140949803008e+18,1.5598382339221094e+18
rw,base,short,chinchilla,1504.0,30.0,"step
2257    3.374695
4512    3.140012
Name: val/loss, dtype: float64","step
2257    0.001925
4512    0.001884
Name: val/loss_std, dtype: float64","step
20      9.388879
40      7.826462
60      7.205175
80      6.778335
100     6.526219
          ...   
4420    3.139801
4440    3.144658
4460    3.142239
4480    3.134783
4500    3.135972
Name: train/loss, Length: 232, dtype: float64","step
20      2.721705
40      1.815930
60      1.684673
80      1.817028
100     1.684134
          ...   
4420    1.688008
4440    1.687698
4460    1.687279
4480    1.688579
4500    1.687313
Name: train/batch_time, Length: 231, dtype: float64","step
20      1.006923
40      0.202523
60      0.070782
80      0.202003
100     0.070732
          ...   
4420    0.070643
4440    0.070703
4460    0.070736
4480    0.070733
4500    0.070718
Name: train/data_time, Length: 230, dtype: float64","step
20      0.000073
40      0.000143
60      0.000213
80      0.000283
100     0.000353
          ...   
4420    0.000035
4440    0.000033
4460    0.000031
4480    0.000031
4500    0.000030
Name: train/lr, Length: 232, dtype: float64",450863104,0.9,0.95,32,0.003,0.0,2048.0,50432.0,True,adamw,amp_bfloat16,True,0.0001,256.0,0.0001,4500,dataset=rw/hparams=base_warmup=short_decay=chinchilla/params=901M_maxstep=4500,890175488.0,901726208.0,825876480.0,969105408.0,5509693440.0,5964791808.0,6452142912.0,5410357248.0,4955258880.0,5410357248.0,901726208.0,994131968.0,"5.242880e+06    9.388879
1.572864e+07    7.826462
2.621440e+07    7.205175
3.670016e+07    6.778335
4.718592e+07    6.526219
                  ...   
2.278031e+09    3.144109
2.283274e+09    3.143732
2.288517e+09    3.143596
2.293760e+09    3.143355
2.299003e+09    3.143139
Name: _smoothed, Length: 232, dtype: float64",4385.0,2299002880.0,4385.0,1.0,1.2438426894980874e+19,2299002880.0,3.143138626217848,901726208,1.2438426894980874e+19,3.143138626217848,825876480.0,1.1392154436265574e+19,1.2438426894980874e+19
rw,base,short,chinchilla,1312.0,26.0,"step
3325    3.307335
6649    3.101833
Name: val/loss, dtype: float64","step
3325    0.001917
6649    0.001889
Name: val/loss_std, dtype: float64","step
20      9.578750
40      8.078993
60      7.326657
80      6.935326
100     6.604636
          ...   
6560    3.105987
6580    3.117988
6600    3.106839
6620    3.105818
6640    3.102209
Name: train/loss, Length: 343, dtype: float64","step
20      2.008389
40      1.362588
60      1.389686
80      1.266004
100     1.265999
          ...   
6560    1.266864
6580    1.266937
6600    1.267170
6620    1.266947
6640    1.266821
Name: train/batch_time, Length: 343, dtype: float64","step
20      0.677574
40      0.146770
60      0.172207
80      0.049016
100     0.048942
          ...   
6560    0.048740
6580    0.048794
6600    0.048935
6620    0.048824
6640    0.048769
Name: train/data_time, Length: 338, dtype: float64","step
20      0.000054
40      0.000105
60      0.000157
80      0.000208
100     0.000260
          ...   
6560    0.000032
6580    0.000031
6600    0.000031
6620    0.000030
6640    0.000030
Name: train/lr, Length: 343, dtype: float64",611958784,0.9,0.95,32,0.003,0.0,2048.0,50432.0,True,adamw,amp_bfloat16,True,0.0001,256.0,0.0001,6640,dataset=rw/hparams=base_warmup=short_decay=chinchilla/params=611M_maxstep=6640,603226112.0,611958784.0,545792000.0,672079872.0,3693920256.0,4090920960.0,4459617984.0,3671752704.0,3274752000.0,3671752704.0,611958784.0,681820160.0,"5.242880e+06    9.578750
1.572864e+07    8.078993
2.621440e+07    7.326657
3.670016e+07    6.935326
4.718592e+07    6.604636
                  ...   
3.373793e+09    3.104981
3.379036e+09    3.105030
3.381658e+09    3.105030
3.384279e+09    3.104403
3.389522e+09    3.104350
Name: _smoothed, Length: 343, dtype: float64",6465.0,3389521920.0,6465.0,1.0,1.2445486275027272e+19,3389521920.0,3.1043504697907136,611958784,1.2445486275027272e+19,3.1043504697907136,545792000.0,1.109984368656384e+19,1.2445486275027272e+19
